category,user,tweet,time
big data,owenboswarva,#Bigdata ‚Äì big challenge https://t.co/as10axzaYZ | Alex Longden via @metoffice blog re @ODIHQ review of #weatherdata infrastructure,Fri Apr 21 13:28:15 +0000 2017
big data,ruizrojasangel,"RT @howardrull: It's not about big data, it's as always about big insights @AmirKassaei #mqdm @ddbspain https://t.co/OCIkCk1aWv",Fri Apr 21 13:28:13 +0000 2017
big data,SteinbeisM,"Digital Economy Seminar! Its free guys. But only limited to 60 seats. cepat2 register. cloud accounting, cyber secu‚Ä¶ https://t.co/WyOBAEmcri",Fri Apr 21 13:28:05 +0000 2017
big data,ibgraham,"RT @Ronald_vanLoon: BIG DATA SUPPORTING DEEP LEARNING, AI AND MORE IN 2017 | #BigData #DataMining #RT https://t.co/3aveakNAYt https://t.co/‚Ä¶",Fri Apr 21 13:27:53 +0000 2017
big data,TechNativeLive,RT @TechNative: #SME - Even small firms can tap into value through #BigData wrangling - here's our guide https://t.co/CXwRa1SMPN,Fri Apr 21 13:27:48 +0000 2017
big data,RealJamesTyler,RT @EdSurge: How do educators use big data to manage students‚Äô learning experience?https://t.co/ftEDBFX3gy @MSDF_Foundation #edtechchat #sa‚Ä¶,Fri Apr 21 13:27:43 +0000 2017
big data,iHarishPal,"RT @PredictSwan: Great Chart : Machine Learning &amp; Big Data
#machinelearning #AI #bigdata #ML... https://t.co/XLfW2zwfhk by #NewsNeus via @c‚Ä¶",Fri Apr 21 13:27:37 +0000 2017
big data,jacqueyewokey,Big Data in museum - What do we want to know? What ARE the common questions we can ask as an industry? @rstein @mslissa @michwalter #MW17-FE,Fri Apr 21 13:27:14 +0000 2017
big data,IoTBlogs,Unlocking The Value Of The Industrial Internet Of Things (IIoT) And Big Data In Manufacturing https://t.co/UHfYFtmXc1 üó£#Opines on #IoT,Fri Apr 21 13:27:09 +0000 2017
big data,SteveKolnick,Why #BigData and #IoT is so important - for business and private life. @ITProPortal #connectivity #smart‚Ä¶ https://t.co/tDsIhzOjLl,Fri Apr 21 13:26:43 +0000 2017
big data,tedstearns1,"RT @ManigoApp: Why #Chatbots are the future of #BigData 

https://t.co/jRty9JjnX7

#Fintech #Insurtech #Technology https://t.co/CeoLGJaGhq",Fri Apr 21 13:26:34 +0000 2017
big data,ErcumentSumnulu,"How big data from pipeline pigs can root out gas maintenance risks 
https://t.co/8ePcMyps7r via @ZDNet",Fri Apr 21 13:26:29 +0000 2017
big data,InformAsset,How #BigData and #Analytics Are Helping Us Unlock Opportunity in the Most Unlikely Places  https://t.co/8bDmoGVmlQ via @Inc,Fri Apr 21 13:26:28 +0000 2017
big data,TT_BigData,"Beware data overload: don't let analysis paralysis stunt your business | Guardi‚Ä¶ https://t.co/Sens8hDUPT, see more https://t.co/rZAoVHQvUa",Fri Apr 21 13:26:21 +0000 2017
big data,alevergara78,"RT @PredictSwan: Great Chart : Machine Learning &amp; Big Data
#machinelearning #AI #bigdata #ML... https://t.co/XLfW2zwfhk by #NewsNeus via @c‚Ä¶",Fri Apr 21 13:26:19 +0000 2017
big data,DezDigital,"RT @gp_pulipaka: #BigData can solve big problems, but only if computing can keep up. #HPC #SuperComputing 

https://t.co/zLTKmEf6Qe https:/‚Ä¶",Fri Apr 21 13:26:15 +0000 2017
big data,Nodeposit_ins,"Top story: How big data delivers data driven stories | 7wData https://t.co/oYHlh5bX61, see more https://t.co/CckZu2RQbq",Fri Apr 21 13:25:56 +0000 2017
big data,TechNative,RT @TechNative: #SME - Even small firms can tap into value through #BigData wrangling - here's our guide https://t.co/CXwRa1SMPN,Fri Apr 21 13:25:55 +0000 2017
big data,PredictSwan,"Great Chart : Machine Learning &amp; Big Data
#machinelearning #AI #bigdata #ML... https://t.co/XLfW2zwfhk by #NewsNeus‚Ä¶ https://t.co/HfzoqSoYj6",Fri Apr 21 13:25:27 +0000 2017
big data,moazjabal2,"What exactly is ‚Äúbig data,‚Äù and what should #pathologists and scientists know... https://t.co/5Hra3krmE2 by‚Ä¶ https://t.co/msU5rvuNMq",Fri Apr 21 13:25:08 +0000 2017
big data,SusanWhitePhD,"Why an ‚ÄúEmpty Desire‚Äù for Big Data is Inhibiting Value-Based Care https://t.co/630eEhvsre
Preach!  #ahima #healthcareanalytics",Fri Apr 21 13:25:07 +0000 2017
big data,alevergara78,"RT @ScholarsPro: If you are looking for #Hadoop, #Hive Or #PigCertification then visit https://t.co/Od5Yh2OSWu. Read more - https://t.co/re‚Ä¶",Fri Apr 21 13:25:04 +0000 2017
big data,OM_ARoss,"RT @ipfconline1: What is the Internet Of Things at Nanoscale?
https://t.co/DfSlUAsLMM [via @evankirstel]
#IoT #NanoTechnology https://t.co/‚Ä¶",Fri Apr 21 13:25:01 +0000 2017
big data,investStratford,"Excited to attend @Communitech #TLCWR focusing on big data, scaling and cyber security. Get your tickets today -&gt; https://t.co/a7JsCF14lU",Fri Apr 21 13:24:44 +0000 2017
big data,DisruptTeknics,RT @DisruptTeknics: #Top 5 #BigData #Trends That Will #Shape #AI in 2017 -Big #Data #Analytics News https://t.co/DGTyirC57R #ArtificialInte‚Ä¶,Fri Apr 21 13:24:43 +0000 2017
big data,Pylvaes,Great piece by @BernardMarr explains the requirements and business benefits of #data democracy at @Data_Informed: https://t.co/30Av2x4mZE,Fri Apr 21 13:24:13 +0000 2017
big data,outsourcingtra1,"RT @ScholarsPro: If you are looking for #Hadoop, #Hive Or #PigCertification then visit https://t.co/Od5Yh2OSWu. Read more - https://t.co/re‚Ä¶",Fri Apr 21 13:23:46 +0000 2017
big data,OChapiteau,How #BigData Is Automating #PortfolioManagement https://t.co/4F0avFlbj8 via @HuffPostBlog,Fri Apr 21 13:23:26 +0000 2017
big data,alevergara78,"RT @TMedicines: How #MachineLearning, #Big Data And #AI Are Changing #Healthcare Forever. Via @Forbes 
https://t.co/lNx2uz8Oz4
#mhealth #pa‚Ä¶",Fri Apr 21 13:23:11 +0000 2017
big data,pybiandstuff,RT @BigDataBlogs: Principal-Big Data Engineer https://t.co/EGS7Ui6aK5 üó£#Opines on #BigData,Fri Apr 21 13:23:06 +0000 2017
big data,ebirdy,@Big_Data_Raj Here's another take...hard work creates a network...,Fri Apr 21 13:23:00 +0000 2017
big data,BigDataBlogs,Principal-Big Data Engineer https://t.co/EGS7Ui6aK5 üó£#Opines on #BigData,Fri Apr 21 13:22:48 +0000 2017
big data,olaf_tacke,"RT @Ronald_vanLoon: BIG DATA SUPPORTING DEEP LEARNING, AI AND MORE IN 2017 | #BigData #DataMining #RT https://t.co/3aveakNAYt https://t.co/‚Ä¶",Fri Apr 21 13:22:48 +0000 2017
big data,callyway,"RT @digr_io: 25 #BigData Terms Everyone Should Know
#Hadoop #algorithms #analytics #IoT #Data #defstar5... https://t.co/mfR9eMEf4Z by #alev‚Ä¶",Fri Apr 21 13:22:46 +0000 2017
big data,LillianSaysSo,Firing on All Cylinders: The 2017 Big Data Landscape https://t.co/1XbkSt3yGI,Fri Apr 21 13:22:33 +0000 2017
big data,caring_mobile,"RT @TMedicines: How #MachineLearning, #Big Data And #AI Are Changing #Healthcare Forever. Via @Forbes 
https://t.co/lNx2uz8Oz4
#mhealth #pa‚Ä¶",Fri Apr 21 13:22:28 +0000 2017
big data,collegeladydc,"Here's how Penn, like many other Universities, is using Big Data to recruit new students, like Netflix and Spotify - https://t.co/neBfLixRCu",Fri Apr 21 13:22:26 +0000 2017
big data,FindChrisTaylor,"@Big_Data_Raj Great question. A decade ago, network was a bigger share than today.",Fri Apr 21 13:22:07 +0000 2017
big data,ThingsVentures,"RT @ABElimited: Unlocking The Value Of The Industrial Internet Of Things (IIoT) And Big Data In Manufacturing: Big Data, Analytics‚Ä¶ https:/‚Ä¶",Fri Apr 21 13:22:05 +0000 2017
big data,connectworxs,"To find value from data --&gt; start with business value --&gt; create a common language for data 

#bigdata #data‚Ä¶ https://t.co/MbRzyWPmQX",Fri Apr 21 13:22:01 +0000 2017
big data,JMMuurmans,7 things to avoid if you want to extract value from #BigData. Via @forbes https://t.co/u2H9oLxDhT https://t.co/gzswa8O7F7,Fri Apr 21 13:21:33 +0000 2017
big data,TorpedoFactory,More in big data and analytics with @angie_dexibit @rjstein @mslissa and @micahwalter #mw-FE #alwayslearning https://t.co/0oJVli26Mm,Fri Apr 21 13:21:33 +0000 2017
big data,Big_Data_Raj,Does your success in selling come from your network or from hard work? https://t.co/4k0kuuhi5G #sales #salesmanagement,Fri Apr 21 13:21:09 +0000 2017
big data,TMedicines,"How #MachineLearning, #Big Data And #AI Are Changing #Healthcare Forever. Via @Forbes 
https://t.co/lNx2uz8Oz4‚Ä¶ https://t.co/ILaDMJXtjM",Fri Apr 21 13:21:02 +0000 2017
big data,ksuderekc,"The Amazing Ways This Company Applies Big Data, Internet of Things, Real-Time Analytics and AI 
https://t.co/F2tJ3ZsdGZ",Fri Apr 21 13:21:01 +0000 2017
big data,nagayama0706,"People memorize thing they are Learning. Also, Artificial Intelligence memorize Big Data of Databank.",Fri Apr 21 13:20:59 +0000 2017
big data,jqtrde,RT @AWS_Gov: What is @openstreetmap? Check out the #BigData blog to learn more: https://t.co/Nzy3k5Lx6J https://t.co/Es9LiiDiqZ,Fri Apr 21 13:20:49 +0000 2017
big data,SmartMedRT,RT @FiberTweets: Sutter Health CTO: Cloud computing offers ‚Äòhuge upside‚Äô for big data initiatives https://t.co/n6KvIpB8CJ,Fri Apr 21 13:20:36 +0000 2017
big data,ClouDatAI,Abstr_ct : Download PB-Scale AI Big Data Cloud Boot Camp Slides at https://t.co/9PXqBVk0Pu Managing For Dummies : https://t.co/DXjFLUuwpM,Fri Apr 21 13:20:35 +0000 2017
big data,ClouDatAI,zehnderaMD : @ Sofia Univ PB-Scale AI Big Data Cloud Boot Camp https://t.co/5kuMZAYClO Wraith (Stealth Command) : https://t.co/jBd3ZG2EW4,Fri Apr 21 13:20:23 +0000 2017
big data,ClouDatAI,piotr_luba : @ Sofia Univ PB-Scale AI Big Data Cloud Boot Camp https://t.co/5kuMZAYClO Start-up Expert: Get Ready : https://t.co/o1Inf5lETU,Fri Apr 21 13:20:22 +0000 2017
big data,odscai,Techies reskill to log on to big data deluge https://t.co/9SleZ7zGMy,Fri Apr 21 13:20:15 +0000 2017
big data,spectrumcx,"If you are not using data to guide your customer experience, read this. #cx https://t.co/J9tz3JRQHB",Fri Apr 21 13:20:14 +0000 2017
big data,FiberTweets,Sutter Health CTO: Cloud computing offers ‚Äòhuge upside‚Äô for big data initiatives https://t.co/n6KvIpB8CJ,Fri Apr 21 13:20:09 +0000 2017
big data,tonetons,"RT @ipfconline1: What is the Internet Of Things at Nanoscale?
https://t.co/DfSlUAsLMM [via @evankirstel]
#IoT #NanoTechnology https://t.co/‚Ä¶",Fri Apr 21 13:20:09 +0000 2017
big data,myhealthmydata,In #BIGDATA we trust? https://t.co/tOjIQmts0Z,Fri Apr 21 13:20:06 +0000 2017
big data,RohitAkiwatkar,Successful big data analysis by combining structured and unstructured data. https://t.co/ZHrYJW1dht #Data #BigData‚Ä¶ https://t.co/iTNifTigMi,Fri Apr 21 13:20:05 +0000 2017
big data,alevergara78,RT @focusthefuture: How big data from pipeline pigs can root out gas maintenance risks #MachineLearning #PreventativeMaintenance https://t.‚Ä¶,Fri Apr 21 13:20:04 +0000 2017
big data,smartcityfeed,RT @anasebrahem: Building The Big Data Platform for Your Smart City - https://t.co/PH5nvinJo0,Fri Apr 21 13:20:03 +0000 2017
big data,focusthefuture,How big data from pipeline pigs can root out gas maintenance risks #MachineLearning #PreventativeMaintenance https://t.co/sXnyHgprtR,Fri Apr 21 13:19:46 +0000 2017
big data,HxGeoBob,Thanks @GEOSYSTEMS_FR for sharing this video of Mladen Stojic explaining how Big Data Analytics impacts geospatial‚Ä¶ https://t.co/YuhypMKZeq,Fri Apr 21 13:19:20 +0000 2017
big data,MartinCiupa,Big Data and Lending: A Match Made in Heaven? - https://t.co/rmn3Dh4xz8,Fri Apr 21 13:19:19 +0000 2017
big data,SAP4chemicals,Join us at #SAPPHIRENOW and see how Big Data is Driving Sustainability from Precision Agriculture‚Ä¶ https://t.co/GPgQHncuLm,Fri Apr 21 13:19:02 +0000 2017
big data,alevergara78,"RT @5774c9fb2e934d8: #machinelearning Paving The Way For Enhanced #Marketing
 https://t.co/blMtsiu7xQ by #YvesMulkers via @c0nvey https://t‚Ä¶",Fri Apr 21 13:19:01 +0000 2017
big data,natalolohdez,"RT @formacionenmk: Applying Big Data, Skyline, and Snowballs for Contact Optimization https://t.co/MxnnYj6E7K",Fri Apr 21 13:19:00 +0000 2017
big data,Katrina_D,"RT @DeepLearn007: #machinelearning Tackling the ‚Äòbig‚Äô in Big Data
#AI #bigdata #deeplearning #ML #DL #NeuralNetworks #marketing #tech 
http‚Ä¶",Fri Apr 21 13:18:56 +0000 2017
big data,sbelak,"RT @LydNicholas: We need a Data Science Research Fellow @nesta_uk. Novel uses of Big data to measure the modern economy. Come join:
https:/‚Ä¶",Fri Apr 21 13:18:46 +0000 2017
big data,5774c9fb2e934d8,"#machinelearning Paving The Way For Enhanced #Marketing
 https://t.co/blMtsiu7xQ by #YvesMulkers via @c0nvey https://t.co/GhzVdPGskA",Fri Apr 21 13:18:42 +0000 2017
big data,Intent_HQ,Big data and data mining team up to help users hone a competitive edge https://t.co/mMwqXVQqyY,Fri Apr 21 13:18:00 +0000 2017
big data,alevergara78,RT @etawaststjerna: Have you seen these movies with #BigData and #MachineLearning infused stories? Via @rautsan &amp; @SmartDataCo  https://t.c‚Ä¶,Fri Apr 21 13:17:59 +0000 2017
big data,chuddles11,"RT @BobBrentTO: @joemihevc @TfL @MIT @JoshColle How @TfL &amp; @MiT are using BIG Data AI: 
 @Wired: 
https://t.co/XOXIRFZfqd
@NextCityOrg:
htt‚Ä¶",Fri Apr 21 13:17:44 +0000 2017
big data,doubledropdown,Looking forward to mentor weekend @GoCodeColorado Going to the Twitter offices in Boulder for the session on Big Data to kick things off,Fri Apr 21 13:17:40 +0000 2017
big data,MartinCiupa,Deep Learning and the Stock Market - DZone Big Data - https://t.co/qcSVdTfFff,Fri Apr 21 13:17:39 +0000 2017
big data,data_nerd,Unlocking The Value Of The Industrial Internet Of Things (IIoT) And Big Data In Manufacturing https://t.co/J7h9MZraOr,Fri Apr 21 13:17:17 +0000 2017
big data,CHARLESBAUDET,"""Aviation et Big Data"" https://t.co/okMVskLORr by @CHARLESBAUDET on @LinkedIn",Fri Apr 21 13:17:10 +0000 2017
big data,etawaststjerna,Have you seen these movies with #BigData and #MachineLearning infused stories? Via @rautsan &amp; @SmartDataCo‚Ä¶ https://t.co/CpESzTqXPz,Fri Apr 21 13:17:09 +0000 2017
big data,richardstreet77,What Is Big Data? https://t.co/DS8tJ61HIC https://t.co/23OkOAs0gq,Fri Apr 21 13:17:04 +0000 2017
big data,ThingsVentures,RT @VHNORDIC: Unlocking The Value Of The Industrial Internet Of Things (IIoT) And Big Data In Manufacturing - Forbes: https://t.co/gBXXVleQ‚Ä¶,Fri Apr 21 13:16:45 +0000 2017
big data,cloudpsi,Big Data and OpenStack - https://t.co/q0TTNNr2WP,Fri Apr 21 13:16:40 +0000 2017
big data,temucoreyes,RT @Mark_Carey: How #BigData Is Automating Portfolio Management https://t.co/dq2zs9SC0t,Fri Apr 21 13:16:24 +0000 2017
big data,mtnpoet,"RT @sorrel_brenda: Why #Healthcare #BigData Needs Visualization to Succeed: https://t.co/AeVSwJPh6q 

#dataviz #data #digitalhealth #friday‚Ä¶",Fri Apr 21 13:16:19 +0000 2017
big data,omboriretail,RT @anasebrahem: Building The Big Data Platform for Your Smart City - https://t.co/PH5nvinJo0,Fri Apr 21 13:16:15 +0000 2017
big data,MadelineAshby,"RT @LydNicholas: We need a Data Science Research Fellow @nesta_uk. Novel uses of Big data to measure the modern economy. Come join:
https:/‚Ä¶",Fri Apr 21 13:16:11 +0000 2017
big data,ABElimited,"Unlocking The Value Of The Industrial Internet Of Things (IIoT) And Big Data In Manufacturing: Big Data, Analytics‚Ä¶ https://t.co/AgWLUcNsDX",Fri Apr 21 13:16:08 +0000 2017
big data,ABElimited,"Unlocking The Value Of The Industrial Internet Of Things (IIoT) And Big Data In Manufacturing: Big Data, Analytics‚Ä¶ https://t.co/9tJchv7Jx8",Fri Apr 21 13:16:07 +0000 2017
big data,mcgrawmarketing,#bigdata How Walmart Uses Data To Drive Disaster Relief - Companies are beginning to integrate big data into th... https://t.co/dppXQbnt9r,Fri Apr 21 13:16:04 +0000 2017
big data,mcgrawmarketing,#bigdata Unlocking The Value Of The Industrial Internet Of Things (IIoT) And Big Data In Manufacturing https://t.co/Na0NJDupuK,Fri Apr 21 13:16:04 +0000 2017
big data,Clicaroling_rin,Unstructured data: turning data into actionable intelligence #bigdata https://t.co/yxjFkNnB5X https://t.co/3T1xZ0MPIS,Fri Apr 21 13:16:02 +0000 2017
big data,pybiandstuff,RT @OT_Analytics: #BigData can help businesses overcome barriers faced in the #DigitalEconomy. Recap of @IDC webinar on SlideShare. https:/‚Ä¶,Fri Apr 21 13:16:00 +0000 2017
big data,LydNicholas,"We need a Data Science Research Fellow @nesta_uk. Novel uses of Big data to measure the modern economy. Come join:
https://t.co/4wuSVotJnb",Fri Apr 21 13:15:49 +0000 2017
big data,JohnSnowai,"RT @ipfconline1: 'We all thought having more data was better. We were wrong.' - @Recode https://t.co/VoPbCZRzDH
#BigData https://t.co/qzrc2‚Ä¶",Fri Apr 21 13:15:31 +0000 2017
big data,TungstenBigData,Delphi teams up to collect and sell data from cars https://t.co/NGm8kHgol7 #DataMonetization #Big Data #Tungsten,Fri Apr 21 13:15:29 +0000 2017
big data,TungstenBigData,Is Blockchain the Ultimate Enabler of Data Monetization? https://t.co/q09cQ9Ij7Y #DataMonetization #Big Data #Tungsten,Fri Apr 21 13:15:29 +0000 2017
big data,TungstenBigData,Cross-Device Verification Explained https://t.co/yX5reURdu8 #DataMonetization #Big Data #Tungsten,Fri Apr 21 13:15:28 +0000 2017
big data,TungstenBigData,4 Trends Driving Software Monetization https://t.co/dNV1VxHBAR #DataMonetization #Big Data #Tungsten,Fri Apr 21 13:15:27 +0000 2017
big data,TungstenBigData,SITO Mobile Launches Expanded Omni-Channel Real-time Verified Walk-In Data Service https://t.co/3roUHDg9Uc #DataMonetization #Big Data #Tu‚Ä¶,Fri Apr 21 13:15:25 +0000 2017
big data,SteveCaton_CO,Big Data doesn't have to cost you a lot of $. It's found in what you do every day - https://t.co/Zn4yBrU3PE @GuideStarUSA,Fri Apr 21 13:15:25 +0000 2017
big data,MACHAPayments,Hacker Tracker: Global Insight Into Online Fraud - https://t.co/12EtYyKSmY,Fri Apr 21 13:15:22 +0000 2017
big data,DougonIPComm,RT @Ronald_vanLoon: Big data and IoT solve food safety and supply challenges | #BigData #IoT #RT https://t.co/pGHEb0FvGM https://t.co/uVFdP‚Ä¶,Fri Apr 21 13:15:21 +0000 2017
big data,EBTorgy,Don't ignore the data that is at your finger tips. The MLS can help you increase your income! https://t.co/6xSwZPehLY,Fri Apr 21 13:15:16 +0000 2017
big data,anasebrahem,Building The Big Data Platform for Your Smart City - https://t.co/PH5nvinJo0,Fri Apr 21 13:15:13 +0000 2017
big data,OT_Analytics,#BigData can help businesses overcome barriers faced in the #DigitalEconomy. Recap of @IDC webinar on SlideShare.‚Ä¶ https://t.co/g4teNk7fvp,Fri Apr 21 13:15:13 +0000 2017
big data,ClouDatAI,jcornick : Download PB-Scale AI Big Data Cloud Boot Camp Slides at https://t.co/9PXqBVk0Pu The 48 Laws of Power : https://t.co/CREkGClgY2,Fri Apr 21 13:15:05 +0000 2017
big data,le_big_data,RT @Biff_Bruise: Great #dataviz #ddj that quantifies magnitude of gender disparities &amp; tracks progress over time HT @albertocairo https://t‚Ä¶,Fri Apr 21 13:15:03 +0000 2017
big data,iivanov482,RT @TechNative: #SME - Even small firms can tap into value through #BigData wrangling - here's our guide https://t.co/CXwRa1SMPN,Fri Apr 21 13:14:56 +0000 2017
big data,pybiandstuff,"RT @KavitaGaglani: AI, big data and robotics are London's fastest growing areas for investment #AI #bigdata #robotics #startups  https://t.‚Ä¶",Fri Apr 21 13:14:45 +0000 2017
big data,ManekTech,"3 ways Microsoft helps companies use bigdata, cloud and AI to Internet of Things
Read more: https://t.co/SaWoGe0TnC",Fri Apr 21 13:14:43 +0000 2017
big data,edealcrm,"RT @interactionsdig: Interview de David Gotchac, CEO de E-DEAL
#bigdata #logicielleCRM #transformationdigitale

https://t.co/StbTh8kq7P htt‚Ä¶",Fri Apr 21 13:14:31 +0000 2017
big data,bitcoinagile,"FutureTech Congress: international meeting of insurtech, #fintech and big data to be held https://t.co/IuP9Cxlf3a https://t.co/9o6ikIEZk9",Fri Apr 21 13:14:19 +0000 2017
big data,jimkaskade,"FutureTech Congress: international meeting of insurtech, fintech and big data to be held this May in Warsaw - Wars‚Ä¶ https://t.co/OybhwMB469",Fri Apr 21 13:14:15 +0000 2017
big data,ClouDatAI,Int4Things : Download PB-Scale AI Big Data Cloud Boot Camp Slides at https://t.co/9PXqBVk0Pu Evernote For Dummies : https://t.co/HcWGxPMrfG,Fri Apr 21 13:14:12 +0000 2017
big data,RobinAthlyn,Artificial intelligence: fulfilling the failed promise of big data https://t.co/xpSHhqw7GK,Fri Apr 21 13:13:52 +0000 2017
big data,EricAus22546109,"RT @BilyticapvtLtd: Importance of #Big #Data #Analytics
#Big #Data #Consulting #Services, #BigData, #BI
More at: https://t.co/Pph0E4BFy1 ht‚Ä¶",Fri Apr 21 13:13:30 +0000 2017
big data,ClouDatAI,DJTSADIDEY1 : @ Sofia Univ PB-Scale AI Big Data Cloud Boot Camp https://t.co/5kuMZAYClO Hickcup Cartoons : https://t.co/LTG3rDZoFt,Fri Apr 21 13:13:25 +0000 2017
big data,Nicochan33,"RT @KavitaGaglani: AI, big data and robotics are London's fastest growing areas for investment #AI #bigdata #robotics #startups  https://t.‚Ä¶",Fri Apr 21 13:13:14 +0000 2017
big data,Steveglob,RT @AccentureCloud: Just how long can it take to transfer #bigdata to the cloud? https://t.co/Y2bjh3bWM0 #cloudcomputing https://t.co/M3dCJ‚Ä¶,Fri Apr 21 13:13:02 +0000 2017
big data,siprasad,"FutureTech Congress: international meeting of insurtech, fintech and big data to be held this May in Warsaw - Warsaw Business Journal ht",Fri Apr 21 13:13:01 +0000 2017
big data,DeanGratton,"RT @LiquidHub: The 4 V's of Big Data

#FinTech #CryptoCurrency #AI #defstar5 #ML #IOT #Bitcoin #Crypto #Infographic #makeyourownlane #Mpgvi‚Ä¶",Fri Apr 21 13:12:24 +0000 2017
big data,alevergara78,"RT @BernardMarr: The Amazing Ways This Company Applies #BigData, Internet of Things #IoT, #RealTime #Analytics and #AI https://t.co/Ek62k8D‚Ä¶",Fri Apr 21 13:12:21 +0000 2017
big data,mahekora,RT @mapr: What does @ApacheSpark in a #bigdata architecture look like? Like this: https://t.co/rBYWKcc3LX https://t.co/VVc5jj21lU,Fri Apr 21 13:12:16 +0000 2017
big data,arshadalli3,"RT @BilyticapvtLtd: Importance of #Big #Data #Analytics
#Big #Data #Consulting #Services, #BigData, #BI
More at: https://t.co/Pph0E4BFy1 ht‚Ä¶",Fri Apr 21 13:12:12 +0000 2017
big data,pybiandstuff,RT @VanRijmenam: 3 Companies That Have Utilized Data Effectively - by @skmecham https://t.co/zVLyWVILwN #BigData,Fri Apr 21 13:12:08 +0000 2017
big data,ClouDatAI,insidestat : Download PB-Scale AI Big Data Cloud Boot Camp Slides at https://t.co/9PXqBVk0Pu Spring in Practice : https://t.co/ZSG4fNWJBi,Fri Apr 21 13:12:07 +0000 2017
big data,caroljmcdonald,"RT @BernardMarr: The Amazing Ways This Company Applies #BigData, Internet of Things #IoT, #RealTime #Analytics and #AI https://t.co/Ek62k8D‚Ä¶",Fri Apr 21 13:12:04 +0000 2017
big data,joshinav,‚ÄúWhy Chatbots Are the Future of #BigData https://t.co/EO1pPGYUEw,Fri Apr 21 13:12:03 +0000 2017
big data,ybelanger,This Mathematician Brought Big Data to Advising. Then Deeper Questions Emerged. https://t.co/SeJ9K01gze #edtech #highered via @HigherEdSurge,Fri Apr 21 13:11:48 +0000 2017
big data,nlp_stories,RT @ClouDatAI: Vengineer : @ Sofia Univ PB-Scale AI Big Data Cloud Boot Camp https://t.co/5kuMZAYClO Arduino and LEGO Projects : https://t.‚Ä¶,Fri Apr 21 13:11:43 +0000 2017
big data,Andross561,RT @WBG_Climate: We asked for your help and you responded! The winners of the #BigDataInnovate challenge have been announced‚Üí https://t.co/‚Ä¶,Fri Apr 21 13:11:33 +0000 2017
big data,Domhalps,RT @TechNative: #SME - Even small firms can tap into value through #BigData wrangling - here's our guide https://t.co/CXwRa1SMPN,Fri Apr 21 13:11:32 +0000 2017
big data,VanRijmenam,3 Companies That Have Utilized Data Effectively - by @skmecham https://t.co/zVLyWVILwN #BigData,Fri Apr 21 13:11:26 +0000 2017
big data,jarrettlaughlin,RT @EdSurge: How do educators use big data to manage students‚Äô learning experience?https://t.co/ftEDBFX3gy @MSDF_Foundation #edtechchat #sa‚Ä¶,Fri Apr 21 13:11:19 +0000 2017
big data,DJMehra,"RT @IotoneHQ: [IoT Guide]: IoT, Wearables and Big Data Analytics in Construction
https://t.co/EGVvgqrdn4 @IotOneHQ 
#IoT #bigdata #itrtg #I‚Ä¶",Fri Apr 21 13:11:10 +0000 2017
big data,zongoboi,RT @CriteoEng: Have a look @ abstracts for this year's #NABDConf on our blog to see why we can't wait till 01/06 for the full deal https://‚Ä¶,Fri Apr 21 13:11:07 +0000 2017
big data,ClouDatAI,Vengineer : @ Sofia Univ PB-Scale AI Big Data Cloud Boot Camp https://t.co/5kuMZAYClO Arduino and LEGO Projects : https://t.co/8CT9uIdhi8,Fri Apr 21 13:11:05 +0000 2017
big data,le_big_data,RT @Wordsbysarahmac: Why Machine Learning is Critical to the Evolution of Digital Marketing https://t.co/6DsWXAGVv9 #IoT #MachineLearning,Fri Apr 21 13:11:03 +0000 2017
big data,DTInexus,"RT @BobBrentTO: @joemihevc @TfL @MIT @JoshColle How @TfL &amp; @MiT are using BIG Data AI: 
 @Wired: 
https://t.co/XOXIRFZfqd
@NextCityOrg:
htt‚Ä¶",Fri Apr 21 13:10:48 +0000 2017
big data,AndySugs,RT The latest The Big Data Daily News!  https://t.co/uD63mbyw4N #abdsc #datascience,Fri Apr 21 13:10:36 +0000 2017
big data,sandra_rendel,RT @Ronald_vanLoon: Big data and IoT solve food safety and supply challenges | #BigData #IoT #RT https://t.co/pGHEb0FvGM https://t.co/uVFdP‚Ä¶,Fri Apr 21 13:10:36 +0000 2017
big data,SmartMedRT,"RT @mcgrawmarketing: #bigdata Why Big Data Means Better Health - In this special guest feature, Souvik Das, Senior VP of Engineering... htt‚Ä¶",Fri Apr 21 13:10:35 +0000 2017
big data,blockchain_tech,"RT DeepLearn007: Making predictions with Big Data
#mL #bigdata 
https://t.co/VULd7QAgcS ht‚Ä¶",Fri Apr 21 13:10:28 +0000 2017
big data,Spunkauthor,"Bridging the Gap Between Big Data and Big Information @DellEMC @schmarzo ""Data is NOT a Commodity"" https://t.co/B1bIDYFLCJ #D2D Great Intel",Fri Apr 21 13:10:24 +0000 2017
big data,RTInsights,Zoomdata Fast Visual #Analytics for Big Data: https://t.co/d1yWTgGgyE  #bigdata,Fri Apr 21 13:10:11 +0000 2017
big data,KudzaiButau,RT @IoTRecruiting: What is #BigData ? https://t.co/kMSFglU8kr #AI #IoT #IoE #IIoT #BlockChain #Fintech #InternetOfThings #Technology #Busin‚Ä¶,Fri Apr 21 13:10:07 +0000 2017
big data,MichaelWardeman,"FutureTech Congress: international meeting of insurtech, fintech and big data to be held this May in Warsaw -‚Ä¶‚Ä¶ https://t.co/zTGwe2AZ2P",Fri Apr 21 13:10:06 +0000 2017
big data,AiaktosZeus,"RT @Ronald_vanLoon: 3 Industries That Will Be Transformed By AI, Machine Learning And Big Data In The Next Decade | #MachineLearning # ‚Ä¶ ht‚Ä¶",Fri Apr 21 13:10:02 +0000 2017
big data,freddup,RT @SidetradeFR: #bigdata  emailing 2.0 et prospection #B2B - https://t.co/nsKoHgpAGe #Marketing https://t.co/BfHn4giARM,Fri Apr 21 13:09:59 +0000 2017
big data,DaveRubal,"RT @Ronald_vanLoon: BIG DATA SUPPORTING DEEP LEARNING, AI AND MORE IN 2017 | #BigData #DataMining #RT https://t.co/3aveakNAYt https://t.co/‚Ä¶",Fri Apr 21 13:09:04 +0000 2017
big data,TLWNewsPump,#IoT: Unlocking The Value Of The Industrial Internet Of Things (IIoT) And Big Data In Manufacturing https://t.co/JUKKdxqV5i,Fri Apr 21 13:08:55 +0000 2017
big data,dinismlo,"The Internet of Things, CIA and a Massive Privacy Problem in a Big Data World https://t.co/J3h3tp3XvA",Fri Apr 21 13:08:25 +0000 2017
big data,CustomerDevoted,Big data and IoT solve food safety and supply challenges | #BigData #IoT #RT https://t.co/7l9MpvwA0n by‚Ä¶ https://t.co/AUuWpTwqUg,Fri Apr 21 13:08:20 +0000 2017
big data,UpbeatWednesday,Kudos! This is such fantastic news for big data analysis https://t.co/0MGEhG6v7Z,Fri Apr 21 13:08:15 +0000 2017
big data,ClouDatAI,Aashima63072338 : Download PB-Scale AI Big Data Cloud Boot Camp Slides at https://t.co/9PXqBVk0Pu Expedia Inc : https://t.co/sxLTrnfCO3,Fri Apr 21 13:08:08 +0000 2017
big data,marcgiorgini,RT @7wData: An SMB's Guide To Getting Started with Big Data https://t.co/l4ESjH0HGp https://t.co/FCjs2iWDiV,Fri Apr 21 13:08:03 +0000 2017
big data,raherlu,"RT @formacionenmk: Applying Big Data, Skyline, and Snowballs for Contact Optimization https://t.co/MxnnYj6E7K",Fri Apr 21 13:07:44 +0000 2017
big data,openboxsoftware,Is your business ready to use big data analytics? | Technology | Supply Chain Digital https://t.co/CLFIpyvRa0 by @SupplyChainD,Fri Apr 21 13:07:43 +0000 2017
big data,CHINTAN_27,Unlocking The Value Of The Industrial Internet Of Things (IIoT) And Big Data In Manufacturing‚Ä¶ https://t.co/ebrDLSx4yi,Fri Apr 21 13:07:37 +0000 2017
big data,alevergara78,"RT @Ronald_vanLoon: 3 Industries That Will Be Transformed By AI, Machine Learning And Big Data In The Next Decade | #MachineLearning # ‚Ä¶ ht‚Ä¶",Fri Apr 21 13:07:34 +0000 2017
big data,CHINTAN_27,Unlocking The Value Of The Industrial Internet Of Things (IIoT) And Big Data In Manufacturing‚Ä¶ https://t.co/wDJC8PCpTM,Fri Apr 21 13:07:34 +0000 2017
big data,CriteoEng,Have a look @ abstracts for this year's #NABDConf on our blog to see why we can't wait till 01/06 for the full deal‚Ä¶ https://t.co/doMwp2odmF,Fri Apr 21 13:07:33 +0000 2017
big data,kateywood,Panama Papers Wins Pulitzer in Explanatory Reporting:  https://t.co/T3jYJ3VPoJ,Fri Apr 21 13:07:28 +0000 2017
big data,SalesTechIO,"RT @Ronald_vanLoon: 3 Industries That Will Be Transformed By AI, Machine Learning And Big Data In The Next Decade | #MachineLearning # ‚Ä¶ ht‚Ä¶",Fri Apr 21 13:07:16 +0000 2017
big data,ictlogist,RT @afromusing: Kudos! This is such fantastic news for big data analysis https://t.co/99MleMPAM1,Fri Apr 21 13:07:15 +0000 2017
big data,MHcommunicate,RT @CSDC_Systems: RT_ @MHcommunicate Why #bigdata Democratization Is Such a Game-Changer in Our big data world? https://t.co/ceo7erq3GG,Fri Apr 21 13:07:11 +0000 2017
big data,Ronald_vanLoon,RT @Ronald_vanLoon: Big data and IoT solve food safety and supply challenges | #BigData #IoT #RT https://t.co/pGHEb0FvGM https://t.co/uVFdP‚Ä¶,Fri Apr 21 13:07:08 +0000 2017
big data,DataSciFr,"RT @QMalikFulton: Unlocking The Value Of The Industrial Internet Of Things (IIoT) And Big Data In Manufacturing Big Data, Analytics ‚Ä¶ https‚Ä¶",Fri Apr 21 13:07:08 +0000 2017
big data,DataSciFr,"RT @QMalikFulton: Unlocking The Value Of The Industrial Internet Of Things (IIoT) And Big Data In Manufacturing Big Data, Analytics ‚Ä¶ https‚Ä¶",Fri Apr 21 13:07:08 +0000 2017
big data,salesIBFed,New Ways to Reach #Millennials by Using Big Data Analytics | @Inc https://t.co/mfx5Js2eD7 https://t.co/IWo7hYaig8,Fri Apr 21 13:07:07 +0000 2017
big data,DataSciFr,InterConnect voices: Exploring our new cognitive world Artificial Intelligence expert Steve Ardire discusses why cog https://t.co/qa6SOursoI,Fri Apr 21 13:07:02 +0000 2017
big data,MRT05168,RT @Mark_Carey: How #BigData Is Automating Portfolio Management https://t.co/dq2zs9SC0t,Fri Apr 21 13:06:56 +0000 2017
big data,AfterHoursData,RT @stormid: Will the cloud save #BigData? | ITProPortal https://t.co/9xpycg6zMH #cloudcomputing #machinelearning https://t.co/OCNLLNRjVS,Fri Apr 21 13:06:55 +0000 2017
big data,CMS_IP_TMC,Met o.a. sessies over big data en privacy https://t.co/DMSeZn7N0t,Fri Apr 21 13:06:48 +0000 2017
big data,NilaxPandya,"""The Impacts Of Big Data That You May Not Have Heard Of"" https://t.co/n4N5Sr86FA by @NilaxPandya on @LinkedIn
#BigData #CollaberaTACT",Fri Apr 21 13:06:45 +0000 2017
big data,ClouDatAI,0Deflation : Download PB-Scale AI Big Data Cloud Boot Camp Slides at https://t.co/9PXqBVk0Pu Robotics Technology : https://t.co/19DswtVmJm,Fri Apr 21 13:06:38 +0000 2017
big data,auldcove,RT @irfida: Unlocking The Value Of The Industrial Internet Of Things (IIoT) And Big Data In Manufacturing - Forbes https://t.co/5Xsg9d7JTL‚Ä¶,Fri Apr 21 13:06:05 +0000 2017
big data,StartUpRealTime,RT @diggernautcom: https://t.co/YpU4ZQIPxa #bigdata @diggernautcom #Pharmaceutical Contact Diggernaut to organize your big data issues!,Fri Apr 21 13:05:59 +0000 2017
big data,pybiandstuff,RT @Mark_Carey: How #BigData Is Automating Portfolio Management https://t.co/dq2zs9SC0t,Fri Apr 21 13:05:58 +0000 2017
big data,ClouDatAI,ohiobitcoin : @ Sofia Univ PB-Scale AI Big Data Cloud Boot Camp https://t.co/5kuMZAYClO Drug Use and Abuse : https://t.co/TktH8kgtss,Fri Apr 21 13:05:51 +0000 2017
big data,Ronald_vanLoon,"BIG DATA SUPPORTING DEEP LEARNING, AI AND MORE IN 2017 | #BigData #DataMining #RT https://t.co/3aveakNAYt https://t.co/8sVgvxAY7j",Fri Apr 21 13:05:49 +0000 2017
big data,diggernautcom,https://t.co/YpU4ZQIPxa #bigdata @diggernautcom #Pharmaceutical Contact Diggernaut to organize your big data issues!,Fri Apr 21 13:05:43 +0000 2017
big data,ThingsVentures,RT @HotAirNetwork: Unlocking The Value Of The Industrial Internet Of Things (IIoT) And Big Data In Manufacturing https://t.co/aJaQPp8k7m #B‚Ä¶,Fri Apr 21 13:05:36 +0000 2017
big data,PmLoeffler,"RT @DeepLearn007: Making predictions with Big Data
#AI #machinelearning #bigdata #fintech #ML #blockchain #tech 
https://t.co/feZtLWcgV3 ht‚Ä¶",Fri Apr 21 13:05:33 +0000 2017
big data,nikkieatchel,RT @DataconomyMedia: The Four Essential V‚Äôs for a Big Data Analytics Platform https://t.co/0wxF7Erx8y #bigdata #analytics https://t.co/gHkT‚Ä¶,Fri Apr 21 13:05:31 +0000 2017
big data,rajatdbcoder,"RT @DeepLearn007: Great Chart : Machine Learning &amp; Big Data
#machinelearning #AI #bigdata #ML #NeuralNetworks #tech 
https://t.co/qDyPtQSgK‚Ä¶",Fri Apr 21 13:05:31 +0000 2017
big data,USTechnosoft,"Retweeted Big Cloud (@BigCloudTeam):

What Would the Big Data from Your Brain Tell You? @BigCloudTeam... https://t.co/Ybre2fpdSn",Fri Apr 21 13:05:30 +0000 2017
big data,USTechnosoft,"Retweeted Big Cloud (@BigCloudTeam):

What Would the Big Data from Your Brain Tell You? @BigCloudTeam... https://t.co/YZdN6X25TI",Fri Apr 21 13:05:27 +0000 2017
big data,SmarterRetailer,Popular #internetofthings forecast of 50 billion devices by 2020 is outdated 7wdata https://t.co/WXYqDNLSqd https://t.co/0Bw6zHU1uw,Fri Apr 21 13:05:26 +0000 2017
big data,alercah,RT @cforcese: Unpersuasive to claim that already compiled information does not create renewed expectations of privacy when amalgamated by B‚Ä¶,Fri Apr 21 13:05:25 +0000 2017
big data,blackstonegates,9 Reasons Why Personalized #Marketing Still Isn't Accurate https://t.co/1KOZFy8w2R via @InformationWeek  #cx #paxex #bigdata #airports,Fri Apr 21 13:05:24 +0000 2017
big data,BizAdvisoryGrp,9 Reasons Why Personalized #Marketing Still Isn't Accurate https://t.co/pYAM7VKbMT via @InformationWeek  #cx #paxex #bigdata #airports,Fri Apr 21 13:05:24 +0000 2017
big data,sfstrategies,9 Reasons Why Personalized #Marketing Still Isn't Accurate https://t.co/JRKimi5jBh via @InformationWeek  #cx #paxex #bigdata #airports,Fri Apr 21 13:05:24 +0000 2017
big data,SkejulME,"What Would the #BigData from Your #Brain Tell You? 
#Sensor #Innovation #Culture #Future
https://t.co/KjhV6oYA1r https://t.co/HxkvLHl8h5",Fri Apr 21 13:05:24 +0000 2017
big data,Mark_Carey,How #BigData Is Automating Portfolio Management https://t.co/dq2zs9SC0t,Fri Apr 21 13:05:21 +0000 2017
big data,AllanRTate,Can't stop ISPs from collecting your data? Create a flood of fake #data to foil collection efforts instead https://t.co/Xgt8HudUu3,Fri Apr 21 13:05:21 +0000 2017
big data,USTechnosoft,RT @BigCloudTeam: What Would the Big Data from Your Brain Tell You? @BigCloudTeam https://t.co/HALFpO6qRp #BigData #ArtificialIntelligence‚Ä¶,Fri Apr 21 13:05:18 +0000 2017
big data,PamilVisions,I read somewhere another ridiculous claim by experts. This one says that Trump's tweets during his campaign were driven by big data.,Fri Apr 21 13:05:16 +0000 2017
big data,OracleBigData,#BigData is not like teenage sex. @mikeconna1 explains why it's time to stop using old metaphors to describe it https://t.co/q5y4dtGqlr,Fri Apr 21 13:05:09 +0000 2017
big data,reworkfinance,How Big Data Is Automating Portfolio Management #bigdata #portfoliomanagement #fintech #finance #portfolio https://t.co/e136AaBuhy,Fri Apr 21 13:05:09 +0000 2017
big data,quincystreet,RT @MeriTalk: 3 hurdles remain in achieving real-time identification of suspect #Federal transactions or behaviors. Lean more: https://t.co‚Ä¶,Fri Apr 21 13:04:53 +0000 2017
big data,Lucas_Wyrsch,Unlocking The Value Of The Industrial Internet Of Things (IIoT) And Big Data In Manufacturing https://t.co/HYhdyPudwM,Fri Apr 21 13:04:43 +0000 2017
big data,Lucas_Wyrsch,Unlocking The Value Of The Industrial Internet Of Things (IIoT) And Big Data In Manufacturing https://t.co/TLwzozvxRf,Fri Apr 21 13:04:42 +0000 2017
big data,pybiandstuff,RT @stormid: Will the cloud save #BigData? | ITProPortal https://t.co/9xpycg6zMH #cloudcomputing #machinelearning https://t.co/OCNLLNRjVS,Fri Apr 21 13:04:25 +0000 2017
big data,LocalSocialMob,"Trends impacting the data center industry
How do data centers face the challenges presented by big data, ...‚Ä¶ https://t.co/zGkEB1HIiM",Fri Apr 21 13:04:19 +0000 2017
big data,SuckerIO,You are here - RUSI Analysis https://t.co/kEEhYb2tDj,Fri Apr 21 13:04:06 +0000 2017
big data,DatadotLive,You are here - RUSI Analysis https://t.co/1veIE001O4,Fri Apr 21 13:04:04 +0000 2017
big data,Andrewmauch,How #BigData Analytics Is Changing the Healthcare Industry https://t.co/6oWLnNbRiI via @DZone #Healthcare #Analytics,Fri Apr 21 13:04:03 +0000 2017
big data,papirflyretail,Excel-busting ways to manage #insight #bigdata https://t.co/8rQQYXH8hA https://t.co/VXFHPiL1T8,Fri Apr 21 13:04:02 +0000 2017
big data,ClouDatAI,alexdebecker : Download PB-Scale AI Big Data Cloud Boot Camp Slides at https://t.co/9PXqBVk0Pu Computer Vision : https://t.co/1qj8S0zCFN,Fri Apr 21 13:04:02 +0000 2017
big data,InnovArch,Innovations in Big Data Analytics for Healthcare https://t.co/PCf2TL4nDI,Fri Apr 21 13:04:00 +0000 2017
big data,NoSQLDigest,RT @stormid: Will the cloud save #BigData? | ITProPortal https://t.co/9xpycg6zMH #cloudcomputing #machinelearning https://t.co/OCNLLNRjVS,Fri Apr 21 13:03:52 +0000 2017
big data,mohamedhantera,"What exactly is ‚Äúbig data,‚Äù and what should #pathologists and scientists know... https://t.co/QDT7Y18Al8 by‚Ä¶ https://t.co/RmcW4dwXii",Fri Apr 21 13:03:44 +0000 2017
big data,TellTERiX,"RT @mcgrawmarketing: #bigdata Why Big Data Means Better Health - In this special guest feature, Souvik Das, Senior VP of Engineering... htt‚Ä¶",Fri Apr 21 13:03:40 +0000 2017
big data,BigCloudTeam,RT @BigCloudTeam: What Would the Big Data from Your Brain Tell You? @BigCloudTeam https://t.co/HALFpO6qRp #BigData #ArtificialIntelligence‚Ä¶,Fri Apr 21 13:03:37 +0000 2017
big data,alevergara78,RT @JohnAHoehn: The latest The Big Data Daily News! https://t.co/p7kGjUm4uT #abdsc #datascience,Fri Apr 21 13:03:36 +0000 2017
big data,TRU_Alliance,RT @grattonboy: Big data gets bigger - https://t.co/mQiCKvqAFQ https://t.co/1csCjPeOzy,Fri Apr 21 13:03:30 +0000 2017
big data,pybiandstuff,RT @mcgrawmarketing: #bigdata Big Data for Telcos and Telecom Market Competitive Analysis based on types and application for ... https://t.‚Ä¶,Fri Apr 21 13:03:06 +0000 2017
big data,petedipaolo,"Use your Financial Network 'Big Data' to drive profit for your trading organization. Ask me how....
https://t.co/byjAF8GTkM",Fri Apr 21 13:03:06 +0000 2017
big data,pybiandstuff,"RT @mcgrawmarketing: #bigdata Why Big Data Means Better Health - In this special guest feature, Souvik Das, Senior VP of Engineering... htt‚Ä¶",Fri Apr 21 13:03:05 +0000 2017
big data,jbrinkman,How Big Data and Analytics Are Helping Us Unlock Opportunity in the Most Unlikely Places | @Inc‚Ä¶ https://t.co/2mRJeglZ0a,Fri Apr 21 13:03:05 +0000 2017
big data,andysowards,How to Start Something Big With #BigData #Streaming #business #tech #data https://t.co/zVwikqVNm6 https://t.co/lcmt96TwGe,Fri Apr 21 13:03:04 +0000 2017
big data,alevergara78,RT @Ronald_vanLoon: 5 key things to make big data analytics work in any business | #Analytics #Business #RT https://t.co/YruXSgpnR4 https:/‚Ä¶,Fri Apr 21 13:02:58 +0000 2017
big data,JohnAHoehn,The latest The Big Data Daily News! https://t.co/p7kGjUm4uT #abdsc #datascience,Fri Apr 21 13:02:55 +0000 2017
big data,ClouDatAI,jon_cloud : @ Sofia Univ PB-Scale AI Big Data Cloud Boot Camp https://t.co/5kuMZAYClO Robotic Roaches : https://t.co/1xvjrgVbxg,Fri Apr 21 13:02:48 +0000 2017
big data,RegalLadies,"RT @mcgrawmarketing: #bigdata Why Big Data Means Better Health - In this special guest feature, Souvik Das, Senior VP of Engineering... htt‚Ä¶",Fri Apr 21 13:02:46 +0000 2017
big data,BobbyHarlow2,How big data from pipeline pigs can root out gas maintenance risks https://t.co/ikWNQSrSoz via @ZDNet,Fri Apr 21 13:02:46 +0000 2017
big data,cmascanz,"#Bigdata, #brain science and mental #health care- what's all about? https://t.co/kMbNTbNSNP via @bcm",Fri Apr 21 13:02:46 +0000 2017
big data,_Data_Science_,RT @afromusing: Kudos! This is such fantastic news for big data analysis https://t.co/99MleMPAM1,Fri Apr 21 13:02:35 +0000 2017
big data,afromusing,Kudos! This is such fantastic news for big data analysis https://t.co/99MleMPAM1,Fri Apr 21 13:02:35 +0000 2017
big data,josephangrisano,RT @Ronald_vanLoon: 5 key things to make big data analytics work in any business | #Analytics #Business #RT https://t.co/YruXSgpnR4 https:/‚Ä¶,Fri Apr 21 13:02:26 +0000 2017
big data,jimkaskade,Unlocking The Value Of The Industrial Internet Of Things (IIoT) And Big Data In Manufacturing - Forbes https://t.co/8g7WFJljsj,Fri Apr 21 13:02:21 +0000 2017
big data,NoSQLDigest,"RT @mcgrawmarketing: #bigdata Why Big Data Means Better Health - In this special guest feature, Souvik Das, Senior VP of Engineering... htt‚Ä¶",Fri Apr 21 13:02:20 +0000 2017
big data,TravisMeeks13,"RT @analyticsiq: Introducing 'Persona', a comprehensive set of predictive decision drivers. #Psychology #Marketing #DataScience https://t.c‚Ä¶",Fri Apr 21 13:02:19 +0000 2017
big data,formacionenmk,"Applying Big Data, Skyline, and Snowballs for Contact Optimization https://t.co/MxnnYj6E7K",Fri Apr 21 13:02:19 +0000 2017
big data,saadhashmi8700,"RT @BilyticapvtLtd: Importance of #Big #Data #Analytics
#Big #Data #Consulting #Services, #BigData, #BI
More at: https://t.co/Pph0E4BFy1 ht‚Ä¶",Fri Apr 21 13:02:10 +0000 2017
big data,NoSQLDigest,RT @mcgrawmarketing: #bigdata Big Data for Telcos and Telecom Market Competitive Analysis based on types and application for ... https://t.‚Ä¶,Fri Apr 21 13:02:06 +0000 2017
big data,DefinitiveLogic,#CFOs the next Chief #Data Officers? Move from tracking &amp; reporting to ongoing management &amp; planning. Via @CFO:‚Ä¶ https://t.co/vgPKAD0n3u,Fri Apr 21 13:02:02 +0000 2017
big data,abhayit2000,#ApacheSpark For #BigDataAnalytics https://t.co/a7flMhCM0g by @ravijainBI via @LinkedInEditors #BigData,Fri Apr 21 13:02:01 +0000 2017
big data,stichris,"RT @DataRobot: Words of wisdom from our CEO, #JeremyAchin, from his article in @InformationWeek: https://t.co/VlFeynedb1 https://t.co/T032e‚Ä¶",Fri Apr 21 13:02:00 +0000 2017
big data,RecordLion,Using big data to improve customer relations https://t.co/llMY1C1ste https://t.co/4p1grRemys,Fri Apr 21 13:02:00 +0000 2017
big data,maxjcm,"RT @maxjcm: #AI #bigdata #robotics are London‚Äôs fastest growing areas for investment

https://t.co/QTqlghXUVA",Fri Apr 21 13:01:54 +0000 2017
big data,pybiandstuff,"RT @Exchangeleads: Think big, use big data. Learn more here:  #BigData #datamining #sales #marketing #marketingstrategy #B2B https://t.co/y‚Ä¶",Fri Apr 21 13:01:51 +0000 2017
big data,C3Metrics,No Mo Big Data problem.  With C3 -- Big Data becomes actionable! #viewability https://t.co/eJZEGxX1QW,Fri Apr 21 13:01:43 +0000 2017
big data,NoSQLDigest,"RT @inoapps: #Bigdata, #brain science and mental #health care- what's all about? https://t.co/gziqzUfzsG via @bcm",Fri Apr 21 13:01:42 +0000 2017
big data,calimapnerd,RT @AWS_Gov: What is @openstreetmap? Check out the #BigData blog to learn more: https://t.co/Nzy3k5Lx6J https://t.co/Es9LiiDiqZ,Fri Apr 21 13:01:36 +0000 2017
big data,DataCenterGuru,Big Data Firm Cloudera Prices Shares Way Below Private Valuation https://t.co/leVQnWkj8D https://t.co/C2pV8fj6lA,Fri Apr 21 13:01:36 +0000 2017
big data,DataRobot,"Words of wisdom from our CEO, #JeremyAchin, from his article in @InformationWeek: https://t.co/VlFeynedb1 https://t.co/T032euRccl",Fri Apr 21 13:01:35 +0000 2017
big data,Exchangeleads,"Think big, use big data. Learn more here:  #BigData #datamining #sales #marketing #marketingstrategy #B2B https://t.co/yTMAVwurXS",Fri Apr 21 13:01:32 +0000 2017
big data,alevergara78,RT @irfida: Unlocking The Value Of The Industrial Internet Of Things (IIoT) And Big Data In Manufacturing - Forbes https://t.co/5Xsg9d7JTL‚Ä¶,Fri Apr 21 13:01:26 +0000 2017
big data,wohnderbar,#CEOs Not Seeing #Big #Picture On '#Big #Data' - https://t.co/Qgk6vnbcrl,Fri Apr 21 13:01:19 +0000 2017
big data,BigDataBatman,"What exactly is ‚ÄúBatman,‚Äù and what should #pathologists and scientists know about it? https://t.co/dv3HkqzOdb https://t.co/3GK68CEaxG",Fri Apr 21 13:01:17 +0000 2017
big data,irfida,Unlocking The Value Of The Industrial Internet Of Things (IIoT) And Big Data In Manufacturing - Forbes https://t.co/5Xsg9d7JTL #IoT,Fri Apr 21 13:01:11 +0000 2017
big data,MenuMax,RT @BenEKeithFoods: #BigData isn't just for the Tech Industry anymore. See how it is transforming the #Restaurant Industry too. https://t.c‚Ä¶,Fri Apr 21 13:01:05 +0000 2017
big data,PersonaAI,RT @DBaker007: #BigData and #MachineLearning: A perfect pair for #cybersecurity? | @TrendMicro https://t.co/MiE2DMIctT #Analytics https://t‚Ä¶,Fri Apr 21 13:00:53 +0000 2017
big data,SkinCareShare,RT @MindYourArtBiz: #Natural #Beauty #Brands Are Using Big Data To Give #SkinCare A #Makeover - #fashion #marketing https://t.co/fnKooTMedi,Fri Apr 21 13:00:40 +0000 2017
big data,SmartMedRT,RT @BigDataBlogs: Why Big Data Means Better Health https://t.co/8Gv0ecAibl üó£#Opines on #BigData,Fri Apr 21 13:00:37 +0000 2017
big data,SmartMedRT,RT @BigDataBlogs: Why Big Data Means Better Health https://t.co/J4lYbFbu19 üó£#Opines on #BigData,Fri Apr 21 13:00:37 +0000 2017
big data,OLSPS_Analytics,#bigdata Can Be Used for More Than Just Targeting A #Customer Base @ctovision #Growth #BigDataAnalytics‚Ä¶ https://t.co/onCHRDtBfF,Fri Apr 21 13:00:19 +0000 2017
big data,NoSQLDigest,RT @FelixLGriffin: Artificial Intelligence: fulfilling the failed promise of big data https://t.co/bSiWHcvXtm #BigData #AI,Fri Apr 21 13:00:16 +0000 2017
big data,MikeWrightQ,RT @DBaker007: #BigData and #MachineLearning: A perfect pair for #cybersecurity? | @TrendMicro https://t.co/MiE2DMIctT #Analytics https://t‚Ä¶,Fri Apr 21 13:00:11 +0000 2017
big data,Fazal__Hussain,RT @YvesMulkers: An SMB's Guide To Getting Started with Big #Data https://t.co/XjuFxxm62S #Agile-Software-Development #Big-Data #Brick-And-‚Ä¶,Fri Apr 21 13:00:10 +0000 2017
big data,IoTBigDataJobs,Big data is your career insurance =&gt; Research Software Engineer https://t.co/JYZQGCvFRy #bigdata #iot #analytics #ai https://t.co/yPkiZcPcMH,Fri Apr 21 13:00:06 +0000 2017
big data,MeriTalk,3 hurdles remain in achieving real-time identification of suspect #Federal transactions or behaviors. Lean more: https://t.co/C87PU2SP6V,Fri Apr 21 13:00:03 +0000 2017
big data,SAPSmallBiz,"#FastFacts - 80.7% of executives characterize their Big Data investments as successful, while only 1.6% deemed them‚Ä¶ https://t.co/CnXsyadoYl",Fri Apr 21 13:00:02 +0000 2017
big data,ThingsVentures,"RT @thebotstudio: ""Unlocking The Value Of The Industrial Internet Of Things (IIoT) And Big Data In Manufacturing"" https://t.co/TLkEOxUgFM",Fri Apr 21 12:59:51 +0000 2017
big data,NoSQLDigest,RT @BigDataBlogs: Why Big Data Means Better Health https://t.co/8Gv0ecAibl üó£#Opines on #BigData,Fri Apr 21 12:59:33 +0000 2017
big data,VHNORDIC,Unlocking The Value Of The Industrial Internet Of Things (IIoT) And Big Data In Manufacturing - Forbes: https://t.co/gBXXVleQI5,Fri Apr 21 12:59:28 +0000 2017
big data,WIOMAX_DC,RT @BigDataBlogs: Why Big Data Means Better Health https://t.co/J4lYbFbu19 üó£#Opines on #BigData,Fri Apr 21 12:59:24 +0000 2017
big data,funkoff,"Three ways Microsoft helps companies use big data, cloud and AI to accelerate digital tr... https://t.co/hrLGDpXfvJ https://t.co/FsNd2bQrw4",Fri Apr 21 12:59:20 +0000 2017
big data,WIOMAX_DC,"RT @abunchofdata: FutureTech Congress: international meeting of insurtech, fintech and big ... - https://t.co/nAyk3pwWIO #machinelearning #‚Ä¶",Fri Apr 21 12:59:19 +0000 2017
big data,alevergara78,"RT @abunchofdata: FutureTech Congress: international meeting of insurtech, fintech and big ... - https://t.co/nAyk3pwWIO #machinelearning #‚Ä¶",Fri Apr 21 12:59:14 +0000 2017
big data,ExperianDataLab,Unlocking The Value Of The Industrial Internet Of Things (IIoT) And Big Data In‚Ä¶ https://t.co/CK5tyXdgqm‚Ä¶ https://t.co/bIkJ1vzeae,Fri Apr 21 12:59:06 +0000 2017
big data,MyahMcTear,RT @masheyanalytics: How Big Data Helps Today‚Äôs Airlines Operate https://t.co/G6j3ffrOFH,Fri Apr 21 12:59:02 +0000 2017
big data,ClouDatAI,"SMediaItalia : @ Sofia Univ PB-Scale AI Big Data Cloud Boot Camp https://t.co/5kuMZAYClO Twinkle, Star, Twinkle! : https://t.co/afyYGXYM9R",Fri Apr 21 12:58:46 +0000 2017
big data,bitcoinagile,"FutureTech Congress: international meeting of insurtech, #fintech and big data to be held this May in Warsaw #IoT https://t.co/1XXmoNns9R",Fri Apr 21 12:58:45 +0000 2017
big data,abunchofdata,"FutureTech Congress: international meeting of insurtech, fintech and big ... - https://t.co/nAyk3pwWIO #machinelearning #IoT #AI #BigData",Fri Apr 21 12:58:44 +0000 2017
big data,ClouDatAI,joh_doee : Download PB-Scale AI Big Data Cloud Boot Camp Slides at https://t.co/9PXqBVk0Pu Interludes Richard Pick : https://t.co/zf4VcgdTtt,Fri Apr 21 12:58:41 +0000 2017
big data,akanuragjoshi,RT @DBaker007: #BigData and #MachineLearning: A perfect pair for #cybersecurity? | @TrendMicro https://t.co/MiE2DMIctT #Analytics https://t‚Ä¶,Fri Apr 21 12:58:33 +0000 2017
big data,ascendumIoT,Unlocking The Value Of The Industrial Internet Of Things (IIoT) And Big Data In Manufacturing - Forbes https://t.co/ipFXpHq7Q7,Fri Apr 21 12:58:32 +0000 2017
big data,j2ames_q,"RT @YarmolukDan: Big data, robotics and AI fuelling VC investment in London https://t.co/49xp3R33N1",Fri Apr 21 12:58:26 +0000 2017
big data,Vocation_AI,"RT @TalentAnalytics: Although analytics are a natural fit for big data jobs, other personality types can be great for data science - https:‚Ä¶",Fri Apr 21 12:58:21 +0000 2017
big data,ElezaStudrick,"RT @BilyticapvtLtd: Importance of #Big #Data #Analytics
#Big #Data #Consulting #Services, #BigData, #BI
More at: https://t.co/Pph0E4BFy1 ht‚Ä¶",Fri Apr 21 12:58:19 +0000 2017
big data,ClouDatAI,MyHostNews : @ Sofia Univ PB-Scale AI Big Data Cloud Boot Camp https://t.co/5kuMZAYClO Business Statistics : https://t.co/wp9g0Tukov,Fri Apr 21 12:57:52 +0000 2017
big data,ClouDatAI,pybiandstuff : @ Sofia Univ PB-Scale AI Big Data Cloud Boot Camp https://t.co/5kuMZAYClO Cognitive Psychology : https://t.co/jmcSsVrH1P,Fri Apr 21 12:57:43 +0000 2017
big data,roomeezon,"RT @Bentler: https://t.co/MVAg3Omwkh
Intel ready to tackle autonomous cars and big data
#climate #autonomous #innovation https://t.co/VNQ6Q‚Ä¶",Fri Apr 21 12:57:43 +0000 2017
big data,pybiandstuff,RT @BigDataBlogs: Why Big Data Means Better Health https://t.co/J4lYbFbu19 üó£#Opines on #BigData,Fri Apr 21 12:57:41 +0000 2017
big data,pybiandstuff,RT @BigDataBlogs: Unlocking The Value Of The Industrial Internet Of Things (IIoT) And Big Data In Manufacturing https://t.co/ZOC21b3n36 üó£#O‚Ä¶,Fri Apr 21 12:57:40 +0000 2017
big data,debashis_dutta,"RT @DeepLearn007: Great Chart : Machine Learning &amp; Big Data
#machinelearning #AI #bigdata #ML #NeuralNetworks #tech 
https://t.co/qDyPtQSgK‚Ä¶",Fri Apr 21 12:57:36 +0000 2017
big data,Higher_Ed_Idris,How do universities use big data? https://t.co/XVUfZMRTj3 via @timeshighered,Fri Apr 21 12:57:33 +0000 2017
big data,NoSQLDigest,RT @brad_morrison: Using #BigData and Smart Technology to Reduce Non Revenue Water Losses https://t.co/TlJ9PzggLb #smartcities #smarttechno‚Ä¶,Fri Apr 21 12:57:33 +0000 2017
big data,BigDataBlogs,Unlocking The Value Of The Industrial Internet Of Things (IIoT) And Big Data In Manufacturing https://t.co/ZOC21b3n36 üó£#Opines on #BigData,Fri Apr 21 12:57:08 +0000 2017
big data,BigDataBlogs,Why Big Data Means Better Health https://t.co/J4lYbFbu19 üó£#Opines on #BigData,Fri Apr 21 12:57:08 +0000 2017
big data,adlibsoftware,"Big data #analytics: the what, why and how of data lakes #bigdata https://t.co/nKVyIVOTXS https://t.co/41Kp4fZBLc",Fri Apr 21 12:57:05 +0000 2017
big data,NoSQLDigest,RT @seovalencia: Six Big Data Marketing Mistakes That You Want to Avoid - by @NormanArvidsson https://t.co/jBaFExhryC #BigData,Fri Apr 21 12:57:03 +0000 2017
big data,Business_Russia,Latin American Big Data Market to Triple by 2022 Driven by Real Time Analysis Solutions https://t.co/hJi4ZFGW2T,Fri Apr 21 12:56:53 +0000 2017
big data,WIOMAX_PA,RT @1DavidClarke: Big Data &amp; it's potential impact on #Healthcare https://t.co/TYdSuKqOhb #AI #IoT #IoE #IIoT #BigData #BlockChain... by #I‚Ä¶,Fri Apr 21 12:56:44 +0000 2017
big data,NoSQLDigest,"RT @seovalencia: How Neo Technology, a big data startup on a mission, takes on the biggest #BigData challenge - by @AndrewDeen14 https://t.‚Ä¶",Fri Apr 21 12:56:40 +0000 2017
big data,hichembenamara2,"RT @rautsan: Top story: Gaming industry turns to big data to understand gamers‚Äô interests an‚Ä¶ https://t.co/NiZm5LoGhE, see more https://t.c‚Ä¶",Fri Apr 21 12:56:27 +0000 2017
big data,StartUpRealTime,RT @DBaker007: #BigData and #MachineLearning: A perfect pair for #cybersecurity? | @TrendMicro https://t.co/MiE2DMIctT #Analytics https://t‚Ä¶,Fri Apr 21 12:56:24 +0000 2017
big data,thebotstudio,"""Unlocking The Value Of The Industrial Internet Of Things (IIoT) And Big Data In Manufacturing"" https://t.co/TLkEOxUgFM",Fri Apr 21 12:56:22 +0000 2017
big data,thebotstudio,"""Unlocking The Value Of The Industrial Internet Of Things (IIoT) And Big Data In Manufacturing"" https://t.co/LjGMcj9ODS",Fri Apr 21 12:56:21 +0000 2017
big data,pybiandstuff,"RT @VyeProfessional: How to impress your date as a #Data #Scientist? RT if this was helpful!  #DataScience #BigData 
https://t.co/sAS4uRk4P‚Ä¶",Fri Apr 21 12:56:12 +0000 2017
big data,alevergara78,RT @DBaker007: #BigData and #MachineLearning: A perfect pair for #cybersecurity? | @TrendMicro https://t.co/MiE2DMIctT #Analytics https://t‚Ä¶,Fri Apr 21 12:55:59 +0000 2017
big data,AnnelieKoomen,"RT @Aquatech: Big data can be an opportunity for the water sector. Read the interview with CEO of FATHOM, Trevor Hill: https://t.co/sk9mnVn‚Ä¶",Fri Apr 21 12:55:54 +0000 2017
big data,Bentler,"https://t.co/MVAg3Omwkh
Intel ready to tackle autonomous cars and big data
#climate #autonomous #innovation https://t.co/VNQ6Qy7zfI",Fri Apr 21 12:55:50 +0000 2017
big data,startupbot69,"Big Data analysis for babies. 
 #startupbot69 #startupideas",Fri Apr 21 12:55:48 +0000 2017
big data,stackArmor,RT @DBaker007: #BigData and #MachineLearning: A perfect pair for #cybersecurity? | @TrendMicro https://t.co/MiE2DMIctT #Analytics https://t‚Ä¶,Fri Apr 21 12:55:42 +0000 2017
big data,bhumikachhabra2,RT @Ronald_vanLoon: Register for Upcoming (Big) Data &amp; Analytics Webinars &amp; Read Compelling Stories by Ronald van Loon. https://t.co/r5MioV‚Ä¶,Fri Apr 21 12:55:24 +0000 2017
big data,hadiibrahim72,RT @BernardMarr: Why #Data #Democratization Is Such a Game-Changer In Our #BigData World https://t.co/Gme3ZOBxVo,Fri Apr 21 12:55:22 +0000 2017
big data,HotAirNetwork,Unlocking The Value Of The Industrial Internet Of Things (IIoT) And Big Data In Manufacturing https://t.co/aJaQPp8k7m #BigData,Fri Apr 21 12:55:20 +0000 2017
big data,jmgomez,Get Ready for the Analytics #Bot Invasion https://t.co/fLYqlP6jtu #textmining #datamining #chatbot,Fri Apr 21 12:55:17 +0000 2017
big data,itelligence_NL,How big data delivers data driven stories #bigdata https://t.co/ZSmbj7ql58 via @ITProPortal,Fri Apr 21 12:55:15 +0000 2017
big data,VeseyCreative,RT @JoMcDougald: Big Analytics And Automation: The Evolution Of Big Data - Brand Quarterly #cloud #bigdata #hadoop #hive https://t.co/AxUDF‚Ä¶,Fri Apr 21 12:55:04 +0000 2017
big data,pybiandstuff,RT @SoftwareNetter: #bigdata provides many #business #benefits.  @ColumnInfoSec quickly shows the top 5 here: https://t.co/5nWeS8ahER,Fri Apr 21 12:55:04 +0000 2017
big data,NoSQLDigest,"RT @VyeProfessional: How to impress your date as a #Data #Scientist? RT if this was helpful!  #DataScience #BigData 
https://t.co/sAS4uRk4P‚Ä¶",Fri Apr 21 12:55:02 +0000 2017
big data,ReD_Associates,"@TimHarford ‚ÄúBig data doesn't solve the problem that's obsessed statisticians &amp; scientists for centuries: insight"" https://t.co/oNkWsLfnSL",Fri Apr 21 12:55:00 +0000 2017
big data,alevergara78,RT @HH_Technology: #Hiring for Lead Java Developer - Big Data/Hadoop  #TechJobs #hadoop #java #bigdata #career | Apply Now https://t.co/n7j‚Ä¶,Fri Apr 21 12:54:57 +0000 2017
big data,eloarefab,"https://t.co/jdv4tXXzbZ

Does this mean more detailed man (Mann) made climate change papers....",Fri Apr 21 12:54:52 +0000 2017
big data,NoSQLDigest,RT @SoftwareNetter: #bigdata provides many #business #benefits.  @ColumnInfoSec quickly shows the top 5 here: https://t.co/5nWeS8ahER,Fri Apr 21 12:54:48 +0000 2017
big data,MarkBourrie,RT @cforcese: Unpersuasive to claim that already compiled information does not create renewed expectations of privacy when amalgamated by B‚Ä¶,Fri Apr 21 12:54:35 +0000 2017
big data,Loui_Picard,"RT @jose_garde: ""Making predictions with #BigData https://t.co/70Luqk6ObN #PredictiveAnalytics #Analytics",Fri Apr 21 12:54:24 +0000 2017
big data,mjstolarczyk,RT @AccentureCloud: Just how long can it take to transfer #bigdata to the cloud? https://t.co/Y2bjh3bWM0 #cloudcomputing https://t.co/M3dCJ‚Ä¶,Fri Apr 21 12:54:18 +0000 2017
big data,CSDC_Systems,RT_ @MHcommunicate Why #bigdata Democratization Is Such a Game-Changer in Our big data world? https://t.co/ceo7erq3GG,Fri Apr 21 12:54:17 +0000 2017
big data,smartdatahq,RT @swiftinvestor: Justice in the age of big data #technology https://t.co/uirE85NLuQ,Fri Apr 21 12:54:12 +0000 2017
big data,Loui_Picard,RT @jose_garde: 5 Factors Impacting Your #BigData Project's Performance #bigdataanalysis https://t.co/jsujZf0jhq #analysis #BI #BusinessInt‚Ä¶,Fri Apr 21 12:54:10 +0000 2017
big data,Loui_Picard,"RT @jose_garde: ""How do universities use big data?"" https://t.co/ABSpLkR5L4 #BigData #DataAnalytics #analytics",Fri Apr 21 12:54:07 +0000 2017
big data,Loui_Picard,"RT @jose_garde: ""5 Ways Big Data Analytics Can Help Your #eCommerce #Business https://t.co/vJ77NhMeYb #BigData #Analytics #BigDataAnalytics",Fri Apr 21 12:54:01 +0000 2017
big data,NoSQLDigest,RT @HH_Technology: #Hiring for Lead Java Developer - Big Data/Hadoop  #TechJobs #hadoop #java #bigdata #career | Apply Now https://t.co/n7j‚Ä¶,Fri Apr 21 12:53:44 +0000 2017
big data,jobsKCIG,Why you should know about big data.  Click here!  https://t.co/XluOKFFg9v,Fri Apr 21 12:53:42 +0000 2017
big data,DataInfact,Data Mining and Big Data - PDF Free Download - Fox eBook https://t.co/NHQ980S0NT #data #mining,Fri Apr 21 12:53:11 +0000 2017
big data,Mindbowser,Unlocking The Value Of The Industrial Internet Of Things (IIoT) And Big Data In Manufacturing - Forbes https://t.co/HvKnA11Gqe,Fri Apr 21 12:53:03 +0000 2017
big data,robocrunch,Indian Startups Use Big Data to Offer Small Credit - WSJ  https://t.co/8mfYReYiso #ai   https://t.co/cwLN9bVBUC,Fri Apr 21 12:52:58 +0000 2017
big data,ClouDatAI,alt_bit_coins : @ Sofia Univ PB-Scale AI Big Data Cloud Boot Camp https://t.co/5kuMZAYClO Welding Inspection : https://t.co/2E1lwHxfND,Fri Apr 21 12:52:48 +0000 2017
big data,innovatic2000,"RT @SpirosMargaris: Making predictions with #BigData 

https://t.co/aMsWBg86xH #fintech @livemint #IoT #AI https://t.co/ZgrO7dODVA",Fri Apr 21 12:52:46 +0000 2017
big data,thetechhuntr,Unlocking The Value Of The Industrial Internet Of Things (IIoT) And Big Data In Manufacturing - Forbes https://t.co/ysAzO9kH23,Fri Apr 21 12:52:33 +0000 2017
big data,Loui_Picard,"RT @jose_garde: Applying Big Data, Skyline, and Snowballs for Contact Optimization - https://t.co/NUE5AiGmJU #BigData #Analytics",Fri Apr 21 12:52:31 +0000 2017
big data,AndySugs,RT: Making #predictions with #BigData - Livemint https://t.co/JRWnEZF9iD¬† https://t.co/OtpI6LomCD,Fri Apr 21 12:52:25 +0000 2017
big data,Loui_Picard,RT @jose_garde: Difference between Big Data Analytics and Statistical Predictive Modeling - https://t.co/DpyCHemT22 #PredictiveAnalytics #A‚Ä¶,Fri Apr 21 12:52:22 +0000 2017
big data,hadiibrahim72,"RT @BernardMarr: The Amazing Ways This Company Applies #BigData, Internet of Things #IoT, #RealTime #Analytics and #AI https://t.co/Ek62k8D‚Ä¶",Fri Apr 21 12:52:05 +0000 2017
big data,fpecial333,"RT @DeepLearn007: Great Chart : Machine Learning &amp; Big Data
#machinelearning #AI #bigdata #ML #NeuralNetworks #tech 
https://t.co/qDyPtQSgK‚Ä¶",Fri Apr 21 12:52:04 +0000 2017
big data,Loui_Picard,"RT @jose_garde: ""Getting the Most out of Big Data"" https://t.co/pbifDaRq0R #BigData #Analytics",Fri Apr 21 12:52:03 +0000 2017
big data,NoSQLDigest,RT @BringleAcademy: Big Data &amp; Hadoop Training: https://t.co/f8vLxKPcKP via @YouTube,Fri Apr 21 12:51:55 +0000 2017
big data,ClouDatAI,tomwillfixit : @ Sofia Univ PB-Scale AI Big Data Cloud Boot Camp https://t.co/5kuMZAYClO Chosen by God : https://t.co/LWRGEBpinj,Fri Apr 21 12:51:52 +0000 2017
big data,Manifattura40,RT @ThoHeller: Making #predictions with #BigData - @Livemint https://t.co/RDHkMx12Uh,Fri Apr 21 12:51:43 +0000 2017
big data,CoupD_etat07,"What is Big Data? 

https://t.co/hFEVFMYEpI",Fri Apr 21 12:51:28 +0000 2017
big data,chanks9679,The Top 20 Big Data Blogs and Influencers to Follow  https://t.co/AE82crg3Sm via @importio https://t.co/9lGSjUMWso,Fri Apr 21 12:51:10 +0000 2017
big data,ThoHeller,Making #predictions with #BigData - @Livemint https://t.co/RDHkMx12Uh,Fri Apr 21 12:51:08 +0000 2017
big data,Emploi_Banque,Moodys analytics sas Emploi Moody s Analytics (Grenoble) Ingenieur Developpement H F Big Data In... https://t.co/Sb9xUjkFvm BFA job 18,Fri Apr 21 12:51:00 +0000 2017
big data,AkterDhaka94,"Gerrisdigital : Big data 2020: the future, growth and challenges of the big data industry https://t.co/MLdRXWd6sE‚Ä¶‚Ä¶ https://t.co/bK2p7rIeZP",Fri Apr 21 12:50:54 +0000 2017
big data,todayamerican,[14] How big data from pipeline pigs can root out gas maintenance risks #realtime https://t.co/w1cOk3Tyvv,Fri Apr 21 12:50:35 +0000 2017
big data,SmartMedRT,RT @TungstenBigData: Why Big Data Means Better Health https://t.co/ZI9WCHHAZQ #BigData,Fri Apr 21 12:50:34 +0000 2017
big data,YvesMulkers,6 Keys to Big #Data Victory https://t.co/qW5O1ouYe2 #Apache-Hadoop #Big-Data #Business #Cross-functional-Team https://t.co/dkYUwMN5ub,Fri Apr 21 12:50:29 +0000 2017
big data,MindYourArtBiz,#Natural #Beauty #Brands Are Using Big Data To Give #SkinCare A #Makeover - #fashion #marketing https://t.co/fnKooTMedi,Fri Apr 21 12:50:16 +0000 2017
big data,Gerrisdigital,"Big data 2020: the future, growth and challenges of the big data industry https://t.co/aCpnwriHbZ https://t.co/og989q9UBP",Fri Apr 21 12:50:13 +0000 2017
big data,jonahczerwinski,"New JV b/t @BoozAllen &amp; @NISTinfo for federal Big Data, Analytics, IOT https://t.co/BdFrYJT2NY @VeteransHealth @VAInnovation @MilitaryHealth",Fri Apr 21 12:50:10 +0000 2017
big data,thecityai,"RT @DeepLearn007: Great Chart : Machine Learning &amp; Big Data
#machinelearning #AI #bigdata #ML #NeuralNetworks #tech 
https://t.co/qDyPtQSgK‚Ä¶",Fri Apr 21 12:49:59 +0000 2017
big data,Lucky62058333,RT @AlgorithmLib: 25 Big Data Terms You Must Know #MachineLearning https://t.co/Y8VYlGb7qj #DataScience #algorithms #bigdata #datamining #N‚Ä¶,Fri Apr 21 12:49:53 +0000 2017
big data,ClouDatAI,CViewtech : Download PB-Scale AI Big Data Cloud Boot Camp Slides at https://t.co/9PXqBVk0Pu Venture Capital Manual : https://t.co/ku20dBZ3y4,Fri Apr 21 12:49:48 +0000 2017
big data,_digitalfutures,RT @TungstenBigData: Unlocking The Value Of The Industrial Internet Of Things (IIoT) And Big Data In Manufacturing https://t.co/qjfGZcj0PD‚Ä¶,Fri Apr 21 12:49:43 +0000 2017
big data,NataliaNcordero,RT @MazarsCSV: Big Data Comes to Financial and Sustainability Reporting Frameworks | https://t.co/b9diYudIBq via @TriplePunditc #Innovation,Fri Apr 21 12:49:42 +0000 2017
big data,Sfakianakismed,What Do George Clooney and Sarah Jessica Parker Have in Common? Big Data https://t.co/odihrEVONA,Fri Apr 21 12:49:33 +0000 2017
big data,IFAC_SMP,RT @KudosIntNetwork: Want to know more about how use of big data will affect audits in the future? This is a good starting point https://t.‚Ä¶,Fri Apr 21 12:49:26 +0000 2017
big data,TungstenBigData,Unlocking The Value Of The Industrial Internet Of Things (IIoT) And Big Data In Manufacturing https://t.co/qjfGZcj0PD #BigData,Fri Apr 21 12:49:24 +0000 2017
big data,TungstenBigData,Why Big Data Means Better Health https://t.co/ZI9WCHHAZQ #BigData,Fri Apr 21 12:49:24 +0000 2017
big data,neilshart,"FutureTech Congress: international meeting of insurtech, fintech and big data to be held this May in Warsaw -‚Ä¶‚Ä¶ https://t.co/imasSdeGR6",Fri Apr 21 12:49:09 +0000 2017
big data,ClouDatAI,sanattwitt : Download PB-Scale AI Big Data Cloud Boot Camp Slides at https://t.co/9PXqBVk0Pu Abraham's Children : https://t.co/xt6x2amL7e,Fri Apr 21 12:48:58 +0000 2017
big data,ThingsVentures,RT @hluethgens: Unlocking The Value Of The Industrial Internet Of Things (#IIoT ) And #Bigdata In Manufacturing via @forbes https://t.co/jL‚Ä¶,Fri Apr 21 12:48:35 +0000 2017
big data,Avi_Goldberg,RT @storagesport: What the government isn‚Äôt telling us about #BigData in healthcare https://t.co/Y8Sg6JJjXq,Fri Apr 21 12:47:49 +0000 2017
big data,alevergara78,RT @MHcommunicate: Why #bigdata Democratization Is Such a Game-Changer In Our Big Data World https://t.co/7S3J5a0KXt #DataScience,Fri Apr 21 12:47:48 +0000 2017
big data,Gibroni2,"...Digital Industrial, Internet of Things, Artificial Intelligence, Big Data... https://t.co/0LeZiJXwvb",Fri Apr 21 12:47:33 +0000 2017
big data,indra_eko3,RT @MHcommunicate: Why #bigdata Democratization Is Such a Game-Changer In Our Big Data World https://t.co/7S3J5a0KXt #DataScience,Fri Apr 21 12:47:32 +0000 2017
big data,Frostbite_News,Unlocking The Value Of The Industrial Internet Of Things (IIoT) And Big Data In Manufacturing https://t.co/vkz5nIiP4y #tech #technology,Fri Apr 21 12:47:28 +0000 2017
big data,Frostbite_News,Unlocking The Value Of The Industrial Internet Of Things (IIoT) And Big Data In Manufacturing https://t.co/lfTTFzP7OL #tech #technology,Fri Apr 21 12:47:27 +0000 2017
big data,indra_eko3,RT @TrajectoryMag: ICYMI @USGIF hosts workshop on convergence of #BigData #Analytics &amp; #SmallSats https://t.co/kSysH0oblk @planetlabs @Digi‚Ä¶,Fri Apr 21 12:47:24 +0000 2017
big data,isk_pro,RT @WALLCPA: Beware data overload: don't let analysis paralysis stunt your #business https://t.co/eatUfgeD8V. #snallbiz #startup,Fri Apr 21 12:47:24 +0000 2017
big data,le_big_data,"RT @chboursin: These Disruptive Techs Will Drive The Next Generation Entreprise in 2017

#BigData #IoT #AI #ML #Wearables #Blockchain #Cryp‚Ä¶",Fri Apr 21 12:47:02 +0000 2017
big data,Rick97917759,RT @TrajectoryMag: ICYMI @USGIF hosts workshop on convergence of #BigData #Analytics &amp; #SmallSats https://t.co/kSysH0oblk @planetlabs @Digi‚Ä¶,Fri Apr 21 12:47:02 +0000 2017
big data,RichardRShapiro,"#CustServ Applying Big Data, Skyline, and Snowballs for Contact Optimization https://t.co/X7EgPsg7W9",Fri Apr 21 12:46:55 +0000 2017
big data,trend_slam,Unlocking The Value Of The Industrial Internet Of Things (IIoT) And Big Data In‚Ä¶ https://t.co/avs6wScN86 via @trend_slam via @trend_slam,Fri Apr 21 12:46:42 +0000 2017
big data,ConsultingAsg,Contact ASG to learn more! #Software #IT #Technology #Infosec How big data from pipeline pigs can root out gas ... https://t.co/NBhs0rAh6E,Fri Apr 21 12:46:41 +0000 2017
big data,cjiqbal,RT @MHcommunicate: Why #bigdata Democratization Is Such a Game-Changer In Our Big Data World https://t.co/7S3J5a0KXt #DataScience,Fri Apr 21 12:46:41 +0000 2017
big data,PersonaAI,RT @AlgorithmLib: 25 Big Data Terms You Must Know #MachineLearning https://t.co/Y8VYlGb7qj #DataScience #algorithms #bigdata #datamining #N‚Ä¶,Fri Apr 21 12:46:27 +0000 2017
big data,LookerPhilG,#BigData Warehousing NY Meetup: @blueapron uses #BigQuery + @Lookerdata to Advance their Analytics @Casertaconcepts‚Ä¶ https://t.co/G0Z6DswXRa,Fri Apr 21 12:45:54 +0000 2017
big data,MarkMrs3150,"RT @thenichecrowd: #Bigdata, #robotics and #AI fuelling #VC investment in London https://t.co/QtleobpgGw",Fri Apr 21 12:45:50 +0000 2017
big data,FrostbiteCanada,Unlocking The Value Of The Industrial Internet Of Things (IIoT) And Big Data In Manufacturing https://t.co/pRkvfheY9k #tech #technology,Fri Apr 21 12:45:39 +0000 2017
big data,FrostbiteCanada,Unlocking The Value Of The Industrial Internet Of Things (IIoT) And Big Data In Manufacturing https://t.co/Y5HhTgXNSr #tech #technology,Fri Apr 21 12:45:39 +0000 2017
big data,MK_Stibo,Why #Data Democratization Is Such a Game-Changer In Our #BigData World https://t.co/w1wnGwtimE  by @data_informed‚Ä¶ https://t.co/PJ0tAj9vV7,Fri Apr 21 12:45:38 +0000 2017
big data,dopy_twit,"Syracuse hopes to save millions of dollars a year by fixing water mains¬†before¬†they break using big data.
 https://t.co/TnYPqQGskL",Fri Apr 21 12:45:33 +0000 2017
big data,OpineHEALTH,"PRESS RELEASE ¬ª Big Data Infrastructure Industry 2020: Opportunities, Drivers, Emerging Trends, Applications and Challenges Forecast ‚Ä¶",Fri Apr 21 12:45:32 +0000 2017
big data,VeridayHQ,"Has big data failed to live up to its (massive) hype? Maybe, but that might not be data's fault.‚Ä¶ https://t.co/QUgnGE03Vb",Fri Apr 21 12:45:26 +0000 2017
big data,REMEB_H2020,"RT @Aquatech: Big data can be an opportunity for the water sector. Read the interview with CEO of FATHOM, Trevor Hill: https://t.co/sk9mnVn‚Ä¶",Fri Apr 21 12:45:22 +0000 2017
big data,BigCommunityKL,Competing on Big Data Analytics programme for C-level executives. Held on 19th-20th July 2017. Register now! https://t.co/eq9Vugwg7j,Fri Apr 21 12:45:20 +0000 2017
big data,menadeau,Just updated: 18 big data certifications that will pay off https://t.co/BuI75NUtqU via @CIOonline,Fri Apr 21 12:45:18 +0000 2017
big data,MHcommunicate,Why #bigdata Democratization Is Such a Game-Changer In Our Big Data World https://t.co/7S3J5a0KXt #DataScience,Fri Apr 21 12:45:10 +0000 2017
big data,big_data_flow,RT @BigDataGal: Successful Big Data Application Development https://t.co/pt4aKvuTxc #bigdata #datascience,Fri Apr 21 12:45:06 +0000 2017
big data,big_data_flow,RT @DataCamp: Cheat Sheet: #Python Basics For #DataScience - https://t.co/T3Vg55qI3n https://t.co/Cug3yq1WCo,Fri Apr 21 12:45:05 +0000 2017
big data,big_data_flow,"RT @jose_garde: #DataScience ‚Äì Curse or Cure"" https://t.co/yq3lMzzfrP #bussiness #CEOs #CIOs",Fri Apr 21 12:45:05 +0000 2017
big data,big_data_flow,"RT @jose_garde: ""Four Ways #DataScience is Valuable for eCommerce Businesses"" https://t.co/JLI5Fm8tLJ #ecommerce",Fri Apr 21 12:45:05 +0000 2017
big data,big_data_flow,RT @jose_garde: Difference between Big Data Analytics and Statistical Predictive Modeling - https://t.co/DpyCHemT22 #PredictiveAnalytics #A‚Ä¶,Fri Apr 21 12:45:04 +0000 2017
big data,big_data_flow,RT @AlgorithmLib: 25 Big Data Terms You Must Know #MachineLearning https://t.co/Y8VYlGb7qj #DataScience #algorithms #bigdata #datamining #N‚Ä¶,Fri Apr 21 12:45:03 +0000 2017
big data,big_data_flow,RT @mediabrief: How data analytics both big and small can help us clean up this digital mess https://t.co/nnUPcGAA4w https://t.co/JF2jrXtG0c,Fri Apr 21 12:45:03 +0000 2017
big data,storagesport,What the government isn‚Äôt telling us about #BigData in healthcare https://t.co/Y8Sg6JJjXq,Fri Apr 21 12:45:02 +0000 2017
big data,IoT_Updates,Unlocking The Value Of The Industrial Internet Of Things (I#IoT) And Big Data In Manufacturing - Forbes https://t.co/XnazMORHde,Fri Apr 21 12:44:38 +0000 2017
big data,TopCyberNews,RT @TopCyberNews: How Companies Use Big Data (UK Case) [#Infographic]   #BigData #Analytics #Hadoop #Cloud #HealthCare RT @DeepAdvantage #D‚Ä¶,Fri Apr 21 12:44:29 +0000 2017
big data,mylynnfelt,RT @SMLabTO: CFP for the @BigDataSoc Journal Special Theme Issue on ‚ÄòSocial Media &amp; Society‚Äô #SMSociety https://t.co/HmTBvq4YSc,Fri Apr 21 12:44:28 +0000 2017
big data,BlakeyBoy_,RT @avidhyarthi87: Unlocking The Value Of The Industrial Internet Of Things (IIoT) And Big Data In Manufacturing https://t.co/CNS2PEitdX,Fri Apr 21 12:44:25 +0000 2017
big data,VHNORDIC,Unlocking The Value Of The Industrial Internet Of Things (IIoT) And Big Data In Manufacturing - Forbes: https://t.co/KxabbS3SW5,Fri Apr 21 12:44:16 +0000 2017
big data,hluethgens,Unlocking The Value Of The Industrial Internet Of Things (#IIoT ) And #Bigdata In Manufacturing via @forbes https://t.co/jL9gULGVnS,Fri Apr 21 12:44:10 +0000 2017
big data,o2webdev,RT @AlgorithmLib: 25 Big Data Terms You Must Know #MachineLearning https://t.co/Y8VYlGb7qj #DataScience #algorithms #bigdata #datamining #N‚Ä¶,Fri Apr 21 12:43:51 +0000 2017
big data,DeepakTaneja86,Unlocking The Value Of The Industrial Internet Of Things (IIoT) And Big Data In Manufacturing https://t.co/4sVIkgo7Mm,Fri Apr 21 12:43:06 +0000 2017
big data,LeeJTyler,RT @analyticbridge: Lambda Architecture for Big Data Systems https://t.co/GJoHqXVm4x,Fri Apr 21 12:43:06 +0000 2017
big data,DeepakTaneja86,Unlocking The Value Of The Industrial Internet Of Things (IIoT) And Big Data In Manufacturing https://t.co/tHLVN5fMEY,Fri Apr 21 12:43:06 +0000 2017
big data,suritalreja,I completed a course on Big Data University. Take a look at my certificate. https://t.co/4d29bcOiCL,Fri Apr 21 12:42:55 +0000 2017
big data,londonappuk,"RT @InformationAge: #Bigdata, #robotics and #AI fuelling #VC investment in #London 
https://t.co/qObl2jx1WT #emergingtech",Fri Apr 21 12:42:40 +0000 2017
big data,vanRoonPaula,"From on-prem to @awscloud, @bgoldy details @splunk's public cloud move: https://t.co/hJMsXtz91a via @SiliconANGLE",Fri Apr 21 12:42:38 +0000 2017
big data,ravisarkar3,"RT @SpirosMargaris: Age of algorithms ruled by #BigData 

https://t.co/9975GfJST5 @TheExpositor #fintech #AI https://t.co/aS1TUOG4G3",Fri Apr 21 12:42:35 +0000 2017
big data,banedata,RT @DataLion_EN: 12 Must Know #BigData Terms by @rkdontha1 + another list of 25 here https://t.co/2qOUzV43aW via @KirkDBorne #hadoop #spark‚Ä¶,Fri Apr 21 12:42:27 +0000 2017
big data,StartUpRealTime,"RT @InformationAge: #Bigdata, #robotics and #AI fuelling #VC investment in #London 
https://t.co/qObl2jx1WT #emergingtech",Fri Apr 21 12:42:24 +0000 2017
big data,kbrancewicz,Unlocking The Value Of The Industrial Internet Of Things (IIoT) And Big Data In Manufacturing‚Ä¶ https://t.co/SHGMhbAjJD,Fri Apr 21 12:42:10 +0000 2017
big data,kbrancewicz,Unlocking The Value Of The Industrial Internet Of Things (IIoT) And Big Data In Manufacturing‚Ä¶ https://t.co/hEnFOg3Ail,Fri Apr 21 12:42:08 +0000 2017
big data,CareersAi,RT @AlgorithmLib: 25 Big Data Terms You Must Know #MachineLearning https://t.co/Y8VYlGb7qj #DataScience #algorithms #bigdata #datamining #N‚Ä¶,Fri Apr 21 12:42:06 +0000 2017
big data,alevergara78,RT @TopCyberNews: How Companies Use Big Data (UK Case) [#Infographic]   #BigData #Analytics #Hadoop #Cloud #HealthCare RT @DeepAdvantage #D‚Ä¶,Fri Apr 21 12:42:03 +0000 2017
big data,1uc1,I was hoping for something about big data (BIG data) but this works too https://t.co/mVSRdG0wD7,Fri Apr 21 12:42:03 +0000 2017
big data,Erin_O,What Will Be Key to the Success of #FinTech? - @The_MarketMogul https://t.co/FO4QkFET9R https://t.co/jl7ji0zvo3,Fri Apr 21 12:42:01 +0000 2017
big data,avidhyarthi87,Unlocking The Value Of The Industrial Internet Of Things (IIoT) And Big Data In Manufacturing https://t.co/CNS2PEitdX,Fri Apr 21 12:41:48 +0000 2017
big data,avidhyarthi87,Unlocking The Value Of The Industrial Internet Of Things (IIoT) And Big Data In Manufacturing https://t.co/WjhpozepEP,Fri Apr 21 12:41:48 +0000 2017
big data,ThorOlavsrud,Updated: 18 big data certifications that will pay off https://t.co/6ahruzIWLI via @CIOonline #bigdata #certifications,Fri Apr 21 12:41:48 +0000 2017
big data,winncommdotnet,"Small Business, Big Data: How To Boost Your Marketing With Analytics https://t.co/B6BE6P7sg9 #brand #networking",Fri Apr 21 12:41:42 +0000 2017
big data,sysnet_sg,Unlocking The Value Of The Industrial Internet Of Things (IIoT) And Big Data In Manufacturing‚Ä¶ https://t.co/99GF4Oj4YY,Fri Apr 21 12:41:38 +0000 2017
big data,sysnet_sg,Unlocking The Value Of The Industrial Internet Of Things (IIoT) And Big Data In Manufacturing‚Ä¶ https://t.co/VZlMKpvbwe,Fri Apr 21 12:41:37 +0000 2017
big data,ClouDatAI,RciNext : @ Sofia Univ PB-Scale AI Big Data Cloud Boot Camp https://t.co/5kuMZAYClO Open Source Soa : https://t.co/fC3UdLlGtg,Fri Apr 21 12:41:30 +0000 2017
big data,kevin_guthrie,Big Data seems like a good #hiphop name.,Fri Apr 21 12:41:29 +0000 2017
big data,sfranklin1926,"RT @Kate_L_Harrison: Environmentalists Don't Vote. This Man Will Change That With Big Data @Enviro_Voter @NCStinn #EarthDayEveryday
https:/‚Ä¶",Fri Apr 21 12:41:19 +0000 2017
big data,BigDataBatman,It never fails to amaze me how big of a role #Batman plays in everyday life #DataAnalytics #DataScience https://t.co/fSDAr16rBk,Fri Apr 21 12:41:17 +0000 2017
big data,Xomnia_BV,"It‚Äôs all in the name, let‚Äôs meet our first Big Data Booster, Mark Booster! What is a Big Data Booster? &gt;‚Ä¶ https://t.co/5aLSNjjaEk",Fri Apr 21 12:41:03 +0000 2017
big data,vs_hunch,"RT @jose_garde: ""Making predictions with #BigData https://t.co/70Luqk6ObN #PredictiveAnalytics #Analytics",Fri Apr 21 12:40:45 +0000 2017
big data,Annielavelle,"RT @InformationAge: #Bigdata, #robotics and #AI fuelling #VC investment in #London 
https://t.co/qObl2jx1WT #emergingtech",Fri Apr 21 12:40:42 +0000 2017
big data,sasindia,War is 90% information. Big data analytics is critical for survival. Join us at the SAS India Forum 2017. #SASFIN17‚Ä¶ https://t.co/siBvWHYyPA,Fri Apr 21 12:40:24 +0000 2017
big data,CareersAi,RT @TopCyberNews: How Companies Use Big Data (UK Case) [#Infographic]   #BigData #Analytics #Hadoop #Cloud #HealthCare RT @DeepAdvantage #D‚Ä¶,Fri Apr 21 12:40:18 +0000 2017
big data,wordswithsteve,RT @KirkDBorne: 25 #BigData Terms You Need to Know: https://t.co/ImxycTWNHe #abdsc #DataScience #MachineLearning #algorithms #NoSQL #Spark‚Ä¶,Fri Apr 21 12:40:16 +0000 2017
big data,MSDF_Foundation,RT @EdSurge: How do educators use big data to manage students‚Äô learning experience?https://t.co/ftEDBFX3gy @MSDF_Foundation #edtechchat #sa‚Ä¶,Fri Apr 21 12:40:11 +0000 2017
big data,JLmarketingLA,Treasure trove: Big data plays crucial role in modern business strategy https://t.co/MBI8ZlTwTG via @SCMP_News https://t.co/NM7ZoqljEk,Fri Apr 21 12:40:03 +0000 2017
big data,Solventure_LIFe,"@LogisticsMatter @cscmp Hi, maybe this could be interesting to follow if you're interested in including big data in‚Ä¶ https://t.co/4I3m4JqpyG",Fri Apr 21 12:40:02 +0000 2017
big data,WaynePullam,‚Ä¢@Travis_Sawchik will talk Big Data Baseball on Apr25 at #govdataforum. Register now to join:‚Ä¶ https://t.co/nF8HWmX0Gm,Fri Apr 21 12:39:58 +0000 2017
big data,TrustedShawn,"RT @MrDataScience: 25 common #BigData terms explained.
https://t.co/QPGeDBxJiM #DataScience #Analytics #Math #Statistics #SQL https://t.co/‚Ä¶",Fri Apr 21 12:39:56 +0000 2017
big data,alevergara78,"RT @bigdata_tools: Best hadoop training in pune, Hadoop online training videos
https://t.co/by2v3M8gg1

https://t.co/E5LZW20bbY https://t.c‚Ä¶",Fri Apr 21 12:39:54 +0000 2017
big data,BigDataBlogs,"PRESS RELEASE ¬ª Big Data Infrastructure Industry 2020: Opportunities, Drivers, Emerging Trends, Applications and Challenges Forecast ‚Ä¶",Fri Apr 21 12:39:44 +0000 2017
big data,parishatzi,Unlocking The Value Of The Industrial Internet Of Things (IIoT) And Big Data In Manufacturing https://t.co/4OrisAGrKz,Fri Apr 21 12:39:40 +0000 2017
big data,h2002al,RT @BigData_Newz: Big Data Can Be Used for More Than Just Targeting A Customer Base - CTOvision (blog) https://t.co/qDmtE2x0Dd https://t.co‚Ä¶,Fri Apr 21 12:39:40 +0000 2017
big data,parishatzi,Unlocking The Value Of The Industrial Internet Of Things (IIoT) And Big Data In Manufacturing https://t.co/1Cwu73pk8T,Fri Apr 21 12:39:39 +0000 2017
big data,TechTalkWire,Unlocking The Value Of The Industrial Internet Of Things (IIoT) And Big Data In Manufacturing https://t.co/DETQAKGj9f #tech #technology,Fri Apr 21 12:39:38 +0000 2017
big data,TechTalkWire,Unlocking The Value Of The Industrial Internet Of Things (IIoT) And Big Data In Manufacturing https://t.co/dNI5njiRVR #tech #technology,Fri Apr 21 12:39:38 +0000 2017
big data,bigdata_tools,"Best hadoop training in pune, Hadoop online training videos
https://t.co/by2v3M8gg1

https://t.co/E5LZW20bbY https://t.co/osXO3WELcE",Fri Apr 21 12:39:34 +0000 2017
big data,h2002al,RT @BigData_Newz: Unlocking The Value Of The Industrial Internet Of Things (IIoT) And Big Data In Manufacturing - Forbes https://t.co/r4GR7‚Ä¶,Fri Apr 21 12:39:29 +0000 2017
big data,ClouDatAI,fintechna : Download PB-Scale AI Big Data Cloud Boot Camp Slides at https://t.co/9PXqBVk0Pu Marketing: The Core : https://t.co/ekQqeWF1YS,Fri Apr 21 12:39:26 +0000 2017
big data,alienobserver1,"RT @DATAFYiNG: We all thought having more data was better. We were wrong. 
https://t.co/2iMKD1llHa",Fri Apr 21 12:39:15 +0000 2017
big data,ClouDatAI,cErEbRuS7 : @ Sofia Univ PB-Scale AI Big Data Cloud Boot Camp https://t.co/5kuMZAYClO Perfect As Seen On TV : https://t.co/QFqaBuOshL,Fri Apr 21 12:39:10 +0000 2017
big data,milanpanchmatia,Is your business ready to use #bigdata #analytics? https://t.co/rfSAPALevQ https://t.co/9lc3Sgt3fv,Fri Apr 21 12:39:02 +0000 2017
big data,h2002al,"RT @BigData_Newz: Big data, robotics and AI fuelling VC investment in London - Information Age https://t.co/nJHNetUAn5 https://t.co/KYetgu9‚Ä¶",Fri Apr 21 12:39:00 +0000 2017
big data,wcovarrubias,RT @jose_garde: Difference between Big Data Analytics and Statistical Predictive Modeling - https://t.co/DpyCHemT22 #PredictiveAnalytics #A‚Ä¶,Fri Apr 21 12:38:53 +0000 2017
big data,alienobserver1,RT @DD_FaFa_: How Big Data Helps Today‚Äôs Airlines Operate: https://t.co/bsnZuRYUV9,Fri Apr 21 12:38:44 +0000 2017
big data,internetdocom,Unlocking The Value Of The Industrial Internet Of Things (IIoT) And Big Data In‚Ä¶ https://t.co/4ql3cUKVSd,Fri Apr 21 12:38:43 +0000 2017
big data,h2002al,RT @BigData_Newz: Big data takes a big leap in Kansas City with smart sensor info on parking and traffic - TechRepublic https://t.co/drlcgZ‚Ä¶,Fri Apr 21 12:38:37 +0000 2017
big data,ascendumIoT,Unlocking The Value Of The Industrial Internet Of Things (IIoT) And Big Data In Manufacturing - Forbes https://t.co/ybOXwiYbVU,Fri Apr 21 12:38:18 +0000 2017
big data,cdbaproject,"@cdbaproject was present, represented by @WindItalia, at the 2nd Plenary Meeting of the ""Big Data Committee"" at @istat_it, in Rome. #bigdata",Fri Apr 21 12:38:16 +0000 2017
big data,sheamusmcgov,RT @KirkDBorne: 25 #BigData Terms You Need to Know: https://t.co/ImxycTWNHe #abdsc #DataScience #MachineLearning #algorithms #NoSQL #Spark‚Ä¶,Fri Apr 21 12:38:14 +0000 2017
big data,Infinity_SDC,.@techrepublic looks at how to improve your odds of #bigdata project success https://t.co/NeMBudy6n5,Fri Apr 21 12:38:07 +0000 2017
big data,techupdate14,"Big Data, Analytics and the Industrial Internet of Things (IIoT) is transforming the manufacturing process. Here we look at how a leading a‚Ä¶",Fri Apr 21 12:37:36 +0000 2017
big data,TheApple_FanBoy,Unlocking The Value Of The Industrial Internet Of Things (IIoT) And Big Data In Manufacturing https://t.co/ZnI2Z6pyTj,Fri Apr 21 12:37:34 +0000 2017
big data,TheApple_FanBoy,Unlocking The Value Of The Industrial Internet Of Things (IIoT) And Big Data In Manufacturing https://t.co/4EVmn5vZCQ,Fri Apr 21 12:37:33 +0000 2017
big data,jimkaskade,Unlocking The Value Of The Industrial Internet Of Things (IIoT) And Big Data In Manufacturing - Forbes https://t.co/Y9xBqT74RU,Fri Apr 21 12:37:30 +0000 2017
big data,BigData_LDN,"Big data, robotics and AI fuelling VC investment in London https://t.co/z8GhkiCwm5 via @https://twitter.com/InformationAge",Fri Apr 21 12:37:30 +0000 2017
big data,ThingsVentures,RT @irfida: Unlocking The Value Of The Industrial Internet Of Things (IIoT) And Big Data In Manufacturing - Forbes https://t.co/lxE1KkJSgn‚Ä¶,Fri Apr 21 12:37:27 +0000 2017
big data,savanc,"RT @UKRobotics: AI, big data and robotics are London's fastest growing areas for investment - https://t.co/eVvDIPIHJ8 #GoogleAlerts",Fri Apr 21 12:37:26 +0000 2017
big data,Enviro_Voter,"RT @Kate_L_Harrison: Environmentalists Don't Vote. This Man Will Change That With Big Data @Enviro_Voter @NCStinn #EarthDayEveryday
https:/‚Ä¶",Fri Apr 21 12:37:26 +0000 2017
big data,TheTomColeman,Unlocking The Value Of The Industrial Internet Of Things (IIoT) And Big Data In Manufacturing https://t.co/Peco7bQ2Hh,Fri Apr 21 12:37:23 +0000 2017
big data,TheTomColeman,Unlocking The Value Of The Industrial Internet Of Things (IIoT) And Big Data In Manufacturing https://t.co/3labTHz1b7,Fri Apr 21 12:37:23 +0000 2017
big data,hhassanien,#BigData privacy .. Enjoy your digital watches everyone .. #IoT https://t.co/2rdoAh3lWl,Fri Apr 21 12:37:22 +0000 2017
big data,crazyarchitect,Unlocking The Value Of The Industrial Internet Of Things (IIoT) And Big Data In Manufacturing ‚Ä¶ https://t.co/HFir66UDkZ,Fri Apr 21 12:37:22 +0000 2017
big data,QMalikFulton,"Unlocking The Value Of The Industrial Internet Of Things (IIoT) And Big Data In Manufacturing Big Data, Analytics ‚Ä¶ https://t.co/Mr9jz1bPWk",Fri Apr 21 12:37:18 +0000 2017
big data,krunox123,Unlocking The Value Of The Industrial Internet Of Things (IIoT) And Big Data In Manufacturing https://t.co/ktEShMHZw4,Fri Apr 21 12:37:18 +0000 2017
big data,QMalikFulton,"Unlocking The Value Of The Industrial Internet Of Things (IIoT) And Big Data In Manufacturing Big Data, Analytics ‚Ä¶ https://t.co/SLdBzaH21O",Fri Apr 21 12:37:18 +0000 2017
big data,krunox123,Unlocking The Value Of The Industrial Internet Of Things (IIoT) And Big Data In Manufacturing https://t.co/6c1NrYV3nc,Fri Apr 21 12:37:18 +0000 2017
big data,Sharpspawn,Unlocking The Value Of The Industrial Internet Of Things (IIoT) And Big Data In Manufacturing https://t.co/PyrJ0TY6VJ,Fri Apr 21 12:37:16 +0000 2017
big data,TheApple_FanBoy,Unlocking The Value Of The Industrial Internet Of Things (IIoT) And Big Data In Manufacturing https://t.co/PlzB3qkpJG,Fri Apr 21 12:37:15 +0000 2017
big data,yfjell,"RT @LBS: ‚ÄúBeware data overload‚Äù - @JBirkinshaw on how analytics bog down big companies, giving the edge to entrepreneurs https://t.co/9WJMh‚Ä¶",Fri Apr 21 12:37:15 +0000 2017
big data,Sharpspawn,Unlocking The Value Of The Industrial Internet Of Things (IIoT) And Big Data In Manufacturing https://t.co/iTOMwMIgmg,Fri Apr 21 12:37:15 +0000 2017
big data,ClouDatAI,JianLiux : @ Sofia Univ PB-Scale AI Big Data Cloud Boot Camp https://t.co/5kuMZAYClO Writing (Getting to Grips) : https://t.co/Q93UOeAD9y,Fri Apr 21 12:37:15 +0000 2017
big data,TheApple_FanBoy,Unlocking The Value Of The Industrial Internet Of Things (IIoT) And Big Data In Manufacturing https://t.co/C45j9Tj3a7,Fri Apr 21 12:37:15 +0000 2017
big data,jasonhartsoe,Unlocking The Value Of The Industrial Internet Of Things (IIoT) And Big Data In Manufacturing https://t.co/qaopm1vsFu  #tech #technology,Fri Apr 21 12:37:13 +0000 2017
big data,TheULTRACoach,Unlocking The Value Of The Industrial Internet Of Things (IIoT) And Big Data In Manufacturing‚Ä¶ https://t.co/Z4EBqFums8,Fri Apr 21 12:37:13 +0000 2017
big data,jasonhartsoe,Unlocking The Value Of The Industrial Internet Of Things (IIoT) And Big Data In Manufacturing https://t.co/NusTpoovJr  #tech #technology,Fri Apr 21 12:37:12 +0000 2017
big data,TheULTRACoach,Unlocking The Value Of The Industrial Internet Of Things (IIoT) And Big Data In Manufacturing‚Ä¶ https://t.co/dNpGqm6MTb,Fri Apr 21 12:37:10 +0000 2017
big data,Tom__Coleman,Unlocking The Value Of The Industrial Internet Of Things (IIoT) And Big Data In Manufacturing https://t.co/t86yfoqqM6,Fri Apr 21 12:37:10 +0000 2017
big data,Tom__Coleman,Unlocking The Value Of The Industrial Internet Of Things (IIoT) And Big Data In Manufacturing https://t.co/YLAy2DfPcO,Fri Apr 21 12:37:09 +0000 2017
big data,joshinav,‚ÄúAviation Data is Already #BigData https://t.co/2OTlhkYaHp,Fri Apr 21 12:37:03 +0000 2017
big data,pacosite,Unlocking The Value Of The Industrial Internet Of Things (IIoT) And Big Data In¬†Manufacturing https://t.co/w5neQRzkEV,Fri Apr 21 12:37:00 +0000 2017
big data,pacosite,Unlocking The Value Of The Industrial Internet Of Things (IIoT) And Big Data In¬†Manufacturing https://t.co/vPUUEUTI8J,Fri Apr 21 12:36:52 +0000 2017
big data,mecederqvist,"RT @PulseLabKampala: Want to know more about Big Data and Monitoring &amp; Evaluation of programs? Read our guide @UNGlobalPulse 
https://t.co/‚Ä¶",Fri Apr 21 12:36:48 +0000 2017
