category,user,tweet,time
star,Arjun_garva,"RT @BrokenCricket: Chris Morris has been star for Delhi with both Bat and Ball in this IPL season, He plays the game according to the situa‚Ä¶",Sun Apr 23 06:16:37 +0000 2017
star,smita_muk,RT @rexrao52: @smita_muk @aniljharbade2 @AASHISH8294 @mads123s @sabyasachi76 Virgo is a fine star,Sun Apr 23 06:16:37 +0000 2017
star,Srishti88378541,"RT @FC_RajatTokas: Every sunrise gives us one more day to hopeüòá
Good morning super starüåüüíõ @RajjatTokas 
Wishing you an awesome morning‚ù§ htt‚Ä¶",Sun Apr 23 06:16:36 +0000 2017
star,emC8qJLnMDhsEhf,#pron star sex the girl from el dorado naked https://t.co/GvOqm1KsaR,Sun Apr 23 06:16:36 +0000 2017
star,CanHohenstein,"RT @cschack: Maybe now that the Star Wars brand is back, they can make an actual Star Trek movie instead? https://t.co/YEKu7dyjwQ",Sun Apr 23 06:16:35 +0000 2017
star,otherfroot,"RT @hoseozk: LISTEN . THE BRIGHTEST STAR OF THE UNIVERSE THAT WE NEED TO PROTECT AT ALL COSTS 
https://t.co/Vq4HEFZDGM",Sun Apr 23 06:16:35 +0000 2017
star,CanHohenstein,"RT @RobinSpringer1: Strange Pictures Formed Naturally.....true! This face reminds me of the ""cook"" on the Star Trek (w/  https://t.co/h6B0I‚Ä¶",Sun Apr 23 06:16:34 +0000 2017
star,jvvino,"RT @OmSaiRamMedia: #Thalapathy61 
Star comedian #Vadivelu joined the set &amp; shoot going briskly in Chennai. 

Diwali bumper release.",Sun Apr 23 06:16:34 +0000 2017
star,MavrocksGirl,"RT @TwitterMoments: Erin Moran, the star of Joanie Loves Chachi, has died at 56. #RIP https://t.co/iTlnoIc85T",Sun Apr 23 06:16:34 +0000 2017
star,CanHohenstein,RT @cyberchoy: Star Trek Voyager/Deep Space Nine DVD Box Sets https://t.co/AYoMDLJgBv,Sun Apr 23 06:16:33 +0000 2017
star,cd13al5vTCW0OMq,#filipin girl pron star sex https://t.co/RpTY7A1sxg,Sun Apr 23 06:16:33 +0000 2017
star,_morganmckay,RT @BCHSStuCru: More than 50 reasons why StuCru is excited to have received the Silver Star this year! #proud #wedontdomediocre #NASC50 htt‚Ä¶,Sun Apr 23 06:16:33 +0000 2017
star,gnomie2587,"*watching Star Wars* 
Roomie: ""Even though Darth Vader's face is covered, you can actually see his emotions!!""",Sun Apr 23 06:16:32 +0000 2017
star,imfaiyaz29,RT @StarSportsIndia: Here‚Äôs your chance to win signed merchandise from your favourite #KKR stars! Watch #KnightClub on Star Sports 1/HD1/3/‚Ä¶,Sun Apr 23 06:16:31 +0000 2017
star,Rnrelikia,RT @ArmasGuns: Winchester 1894 Lone Star Gold https://t.co/CvybOLyDir,Sun Apr 23 06:16:30 +0000 2017
star,tolightsz,"RT @inlivetoday: ""First They Came For Assange"": All star list of speakers from Chomsky &amp; @aiww to... https://t.co/ijOM5QcNcY by #wikileaks‚Ä¶",Sun Apr 23 06:16:30 +0000 2017
star,texano1962,‚ÄòHappy Days‚Äô Star Erin Moran Dies at 56 https://t.co/sJ8lsvhLiQ,Sun Apr 23 06:16:28 +0000 2017
star,AshFootyTV,[AFT News Update] Star Blue 'should be right' for next week - Bryce Gibbs allays any fears he will miss Swans c... https://t.co/l86SeAram3,Sun Apr 23 06:16:28 +0000 2017
star,Dawn_R_Morgan,"Erin Moran, Joanie on 'Happy Days', Dies at 56 https://t.co/Z6FUWsyedJ via @thr",Sun Apr 23 06:16:28 +0000 2017
star,ERuibarbo,"RT @KNPelikula: Thank you for BALU Inang, Ms Carmi, Star Cinema! Thank you for all the love and care for Kath and DJ! üíô
#KATHNIELBoxOfficeK‚Ä¶",Sun Apr 23 06:16:27 +0000 2017
star,joleonbusby,RT @enews: Happy Days Star Erin Moran Dead at 56: Report https://t.co/S9HGKIuwNG,Sun Apr 23 06:16:27 +0000 2017
star,harichowdary128,RT @hassankhanhak: My 1st tweet on tweeter with th dashing star at @IIFAUtsavam what a night it was ‚ù§üî•@tarak9999 an awesome person n a grea‚Ä¶,Sun Apr 23 06:16:26 +0000 2017
star,nbanthia0,RT @StarSportsIndia: Here‚Äôs your chance to win signed merchandise from your favourite #KKR stars! Watch #KnightClub on Star Sports 1/HD1/3/‚Ä¶,Sun Apr 23 06:16:26 +0000 2017
star,josslyn_sky,Twinkle twinkle little star how I wonder what the fuck you are little hoe,Sun Apr 23 06:16:26 +0000 2017
star,siddhikramdul,DaBangg SALMAN In Melbourne  block buster tour with b grade star,Sun Apr 23 06:16:26 +0000 2017
star,pollybutter841,"Hyperikon 16W LED Light Bulb A21, 16W (100W Equivalent), 1600 Lumens, 3000K (Soft White Glow), CRI95, Medium Screw‚Ä¶‚Ä¶ https://t.co/hDrBCvCLLV",Sun Apr 23 06:16:24 +0000 2017
star,sweet_star_94,"RT @transforbap: 170423 Himchan [Instagram]

I really don't like sweet things but because I strangely craved it todayüëåüèª  

https://t.co/9WO‚Ä¶",Sun Apr 23 06:16:24 +0000 2017
star,GalacticVault,"If you have any opinions about Star Wars that are different than mine, always feel free to share them here. Just...well, don't be a dick. üòÇ",Sun Apr 23 06:16:23 +0000 2017
star,IbeleeveInUSA,"RT @Breaking911: R.I.P. - ""Happy Days"" star Erin Moran, who played Joanie Cunningham,  has died at the age of 56 - TMZ https://t.co/OhsA1vd‚Ä¶",Sun Apr 23 06:16:23 +0000 2017
star,_almenp,"RT @TalesOfColor: THE REAL STAR OF THE SHOW IS HERE
#WTTFigure 
#WTT2017 
#go-chan
#gala https://t.co/bdIbOCbgL6",Sun Apr 23 06:16:23 +0000 2017
star,LazaraNericel,"RT @Petrova_kathryn: Retweeted KathNiel Pelikula (@KNPelikula):

Thank you for BALU Inang, Ms Carmi, Star Cinema! Thank you for all... http‚Ä¶",Sun Apr 23 06:16:23 +0000 2017
star,cRQggTpjZBcMBZs,#pron star sex the girl from el dorado naked https://t.co/h5YEuW8sKr,Sun Apr 23 06:16:22 +0000 2017
star,ModernOwners,https://t.co/012pkFolp6 Adidas SUPERSKATE MID STAR WARS Shoes Stormtrooper superstar sneakers~Mens sz 10,Sun Apr 23 06:16:22 +0000 2017
star,thelifeof_rose,"RT @HollowCrownFans: ""there was a star danced, and under that was I born."" - Much Ado (A2, S1) #ShakespeareSunday #HappyBirthdayShakespeare‚Ä¶",Sun Apr 23 06:16:21 +0000 2017
star,Skater_Ricky,RT @EAStarWars: RT and follow for a chance to win one of 10 Inferno Squad patches from Star Wars Celebration. #StarWarsBattlefrontII https:‚Ä¶,Sun Apr 23 06:16:21 +0000 2017
star,LauschJack,"RT @TwitterMoments: Erin Moran, the star of Joanie Loves Chachi, has died at 56. #RIP https://t.co/iTlnoIc85T",Sun Apr 23 06:16:21 +0000 2017
star,IAMIngridLewis,NBA star Stephen Curry is logging off social media again. Here's why. - Charlotte Observer https://t.co/QpwjVk7UOY,Sun Apr 23 06:16:20 +0000 2017
star,AlexyAl31,"RT @DepressedDarth: me: ""What's your favorite movie?""

girl: ""Star Wars""

me: https://t.co/oOz7KIaf64",Sun Apr 23 06:16:20 +0000 2017
star,CutieAlis,"RT @yangminyue: OMG U just like a shiny star.@kristtps #teamperaya #perayahome #KristPerawat #‡∏ó‡∏µ‡∏°‡∏û‡∏µ‡∏£‡∏ç‡∏≤ 
cr.Krist CNFC https://t.co/adW7jZRe‚Ä¶",Sun Apr 23 06:16:19 +0000 2017
star,kaze_kouryou,I am not a total fan but heck! Would love to go to see the events #starwars https://t.co/hqD6OkXGBe,Sun Apr 23 06:16:18 +0000 2017
star,MithunError400,"RT @Variety: ""Happy Days"" actress Erin Moran was remembered by Ron Howard, Henry Winkler, Don Most &amp; Anson Williams https://t.co/SY2QdDkBGR‚Ä¶",Sun Apr 23 06:16:17 +0000 2017
star,Rz4FP5FeckghaUQ,#filipin girl pron star sex https://t.co/Vy85XwBDfe,Sun Apr 23 06:16:17 +0000 2017
star,8ugu2t,"RT @chijyu_salan: 170422 
EXO LOTTE DUTY FREE IN STAR AVENUE
Í∑ÄÏóΩÎÑ§üòò
#Î∞±ÌòÑ #Baekhyun #ÏÑ∏Ìõà #Sehun 
https://t.co/iI8ExYoGEm https://t.co/5EHInqPBCC",Sun Apr 23 06:16:16 +0000 2017
star,madhavjerry,"RT @LubricantArabol: ARABOL @lionsdenkxip Paid Trip to Mohali @IPL VIP Tickets,5 Star Hotel Stay &amp; Meeting your favourite Kings XI Player h‚Ä¶",Sun Apr 23 06:16:16 +0000 2017
star,TheAnnaElise,The North Star is actually the 49th brightest star in the sky. I've always been told it was the brightest. My whole life has been a lie.,Sun Apr 23 06:16:16 +0000 2017
star,sanjukg09,"RT @PullmanNewDelhi: From ""Cricket Meri Jaan"" to ""Dil Dilli Hai""... this @DelhiDaredevils star is loving the capital city. 
Guess who &amp; win‚Ä¶",Sun Apr 23 06:16:13 +0000 2017
star,billyycarroll5,"RT @DepressedDarth: ""My parents didn't show me Star Wars growing up""

me: https://t.co/kcWeoanIRj",Sun Apr 23 06:16:13 +0000 2017
star,RashaGoel,"RT @TwitterMoments: Erin Moran, the star of Joanie Loves Chachi, has died at 56. #RIP https://t.co/iTlnoIc85T",Sun Apr 23 06:16:12 +0000 2017
star,otterfacetweets,"Main star says it's not a feminist show, people go mad. Ffs. https://t.co/vPtPlWvcsg",Sun Apr 23 06:16:12 +0000 2017
star,TaitGrindley,"This is sad - she was part of my childhood, another unfortunate end for a child star who was super talented #Joanie  https://t.co/bIudQ7SWq9",Sun Apr 23 06:16:12 +0000 2017
star,qTkF7JdZmCc9oHC,#fuck x-art fuck porn star james https://t.co/4BC1ykRHkf,Sun Apr 23 06:16:12 +0000 2017
star,redhotcrew2004,RT @Variety: #HappyDays' Henry Winkler and Ron Howard pay tribute to Erin Moran https://t.co/SY2QdDkBGR https://t.co/WXAq8a6NQ4,Sun Apr 23 06:16:12 +0000 2017
star,s_tik96,170422 LOTTE DUTY FREE IN STAR AVENUE - LOTTO KAI FOCUS (4K) https://t.co/JeZLtbbVSh ‡∏Ç‡πâ‡∏≠‡∏°‡∏π‡∏•‡∏à‡∏≤‡∏Å @YouTube,Sun Apr 23 06:16:11 +0000 2017
star,israel_todd,Lol I'm just gonna drink whiskey and watch Star Wars!,Sun Apr 23 06:16:10 +0000 2017
star,eloisa_pua,RT @angellocsin2016: GREETINGS FROM STAR CINEMA FAMILY #QueenAngelLocsinBirthdayAt32 https://t.co/XulwzQ3CX3,Sun Apr 23 06:16:09 +0000 2017
star,BAQBAQ_10,Thank you bhill all star https://t.co/HbbolQ7wsf,Sun Apr 23 06:16:09 +0000 2017
star,kyungsewpot,RT @kimjunmyeonnews: junmyeon's scene in Star Of The Universe (when woojoo watched the fans singing starlight on the stage) appeared on Inf‚Ä¶,Sun Apr 23 06:16:09 +0000 2017
star,mickrift,I liked a @YouTube video https://t.co/LiSTaaJnaQ A Supergiant Star Betelgeuse Could Explode Tomorrow!!?? (all the truth),Sun Apr 23 06:16:08 +0000 2017
star,AutumnLeafJones,RT @pastetics: star trails https://t.co/TzjDuFedp9,Sun Apr 23 06:16:08 +0000 2017
star,joerafel,"Hyperikon 16W LED Light Bulb A21, 16W (100W Equivalent), 1600 Lumens, 3000K (Soft White Glow), CRI95, Medium Screw‚Ä¶‚Ä¶ https://t.co/8TCKAPUsde",Sun Apr 23 06:16:08 +0000 2017
star,DutchCajonist,2017 High School District Music contest results announced - Scottsbluff Star Herald https://t.co/lO8elY4lQ7 #TDC,Sun Apr 23 06:16:07 +0000 2017
star,RicBarberena,DeeAnn Moore of Moore Real Estate is pleased to announce the new listing located at 5955 Forest Highlands Drive in M https://t.co/qqiHfPmAdT,Sun Apr 23 06:16:06 +0000 2017
star,mananaconda,RT @kamaalrkhan: Sir @Mohanlal sorry to call you #ChotaBheem Coz I didn't know much about you. But now I know that you are a super star of‚Ä¶,Sun Apr 23 06:16:06 +0000 2017
star,Marksanity12,RT @DepressedDarth: True love means spending the weekend watching Star Wars together,Sun Apr 23 06:16:05 +0000 2017
star,hyperGA1L,"RT @MalePopster: Loisa Andalio's beauty can compete with today's famous female teen star beauties. @iamAndalioLoisa  ‚ù§

#DafBama2017_SarahG‚Ä¶",Sun Apr 23 06:16:05 +0000 2017
star,aaftab58153418,"RT @ImSharwanand: Really surprised üëåüëå
#DJ23rdJune Stylish Star https://t.co/wRFXC5uyKX",Sun Apr 23 06:16:04 +0000 2017
star,Mitch_John573,RT @Rob_G_Solo_Act: Wanna get new/vintage R&amp;R? Meet people like you?Get a Rock Star¬ís fav recipe? Win free drinks? Join my email https://t.‚Ä¶,Sun Apr 23 06:16:03 +0000 2017
star,nbanthia0,RT @StarSportsIndia: Want to know the #KKR stars off the field too? Watch #KnightClub at 1:30 PM on Star Sports 1/HD1 &amp; at 2:30 PM on Star‚Ä¶,Sun Apr 23 06:16:03 +0000 2017
star,bobprah,Converse Women's Chuck Taylor All Star Holiday Party OX Trainers - Black Sequin - UK 6  https://t.co/M3C4zvFvDo https://t.co/LMuf2d9weZ,Sun Apr 23 06:16:03 +0000 2017
star,EmEm0307,"RT @menggalurks: From Most Promising Female Star last year to Princess of Philippine Movies this year. 

Wow @mainedcm üëèüèª

#ALDUBPrincePrin‚Ä¶",Sun Apr 23 06:16:00 +0000 2017
star,WizKid_Star_Boy,"Listen To Thisüìª#MUSIC: ""Paid It All"" by Gracie Jay @_GracieJAY #PaiditAll @mrolumatii https://t.co/DkxaG7oA51 https://t.co/lAQOLQvadL",Sun Apr 23 06:16:00 +0000 2017
star,LaurieLovesIt,"RT @TwitterMoments: Erin Moran, the star of Joanie Loves Chachi, has died at 56. #RIP https://t.co/iTlnoIc85T",Sun Apr 23 06:15:59 +0000 2017
star,lfernandamtz,RT @DepressedDarth: Star Wars fans right now https://t.co/x39Ki91otH,Sun Apr 23 06:15:59 +0000 2017
star,Totally_John_M,"Also, holy shit are they good with cinematography &amp; establishing shots in this film. The Death Star truely feels massive &amp; invincible.",Sun Apr 23 06:15:59 +0000 2017
star,pinkottr,"Also, holy shit are they good with cinematography &amp; establishing shots in this film. The Death Star truely feels massive &amp; invincible.",Sun Apr 23 06:15:59 +0000 2017
star,opulentwinner_3,"RT @Showbiz_Polls: UPDATED LIST: Maine Mendoza (@mainedcm) is now the MOST FOLLOWED Kapuso star on Twitter. Congratulations!

#ALDUBWeWillS‚Ä¶",Sun Apr 23 06:15:59 +0000 2017
star,LabeeqaSedick,RT @enews: The Russos and Harper reunited at David Henrie's wedding and all of our Wizards of Waverly Place dreams came true. https://t.co/‚Ä¶,Sun Apr 23 06:15:58 +0000 2017
star,quynhdantea,RT @poedamnrn: A LITTLE GIRL DRESSED UP AS JYN ERSO GAVE THE DEATH STAR PLANS TO EVERY LEIA SHE'D SEE AT SWCO AND NOW I'M EMOTIONAL https:/‚Ä¶,Sun Apr 23 06:15:58 +0000 2017
star,nbanthia0,"RT @StarSportsIndia: 8 Nations. 1 Trophy! When it's the @ICC #CT17, #HarKoiDekhega! Catch the action LIVE, on Star Sports from June 1. #Cha‚Ä¶",Sun Apr 23 06:15:57 +0000 2017
star,ninaanime24,RT @Crunchyroll: Have you met YouTube's newest virtual star?? https://t.co/36zQaAH5KW,Sun Apr 23 06:15:57 +0000 2017
star,marjoriiiiieee,'K-Pop Star 6's Kriesha Tiu to debut in May | https://t.co/1b0UdTYiQ1 https://t.co/rZm7NJM7Po,Sun Apr 23 06:15:56 +0000 2017
star,Smile_SoBright_,I saw my first shooting star tonight üòç,Sun Apr 23 06:15:56 +0000 2017
star,quqiwijado,Shiny Pop Star Deep Throats The Meat https://t.co/WkuSFvyzc3,Sun Apr 23 06:15:55 +0000 2017
star,fmikehiggins,@AdrianNov89 Nope! Never been there but it looks amazing! Flown Star Wars Canyon in Oman! Lots of low levels at 720‚Ä¶ https://t.co/ZVghDi5mx2,Sun Apr 23 06:15:55 +0000 2017
star,gomez_nedz,"RT @SmashDivU: @Showbiz_Polls @mainedcm @OFCALDubKoTo @MaineAlden16 @gmanetwork 

Phenomenal Star and Queen of Social Media - @mainedcm üëë‚Ä¶",Sun Apr 23 06:15:54 +0000 2017
star,Umji_Kim_yewon,"RT @hkgbuddies_: 170221
#GFRIEND #Umji on With Star of https://t.co/veyURWzhlH
#Ïó¨ÏûêÏπúÍµ¨ #ÏóÑÏßÄ @GFRDofficial https://t.co/4n6TH1p5SR",Sun Apr 23 06:15:54 +0000 2017
star,Gamifive,Star Ocean 5: Integrity and Faithlessness Collector's Edition for Sony PS4 RPG Check Bio https://t.co/ENFOs5yyM5,Sun Apr 23 06:15:54 +0000 2017
star,episodeeight,Star Wars Episode DCXIII: The Force Strikes,Sun Apr 23 06:15:54 +0000 2017
star,gorussell,"Shooting star song has been playing in my head, even when I go to the store, toilet anywhere. But idk the lyrics. Just the waviness of it",Sun Apr 23 06:15:53 +0000 2017
star,spurgin33,"RT @IAPrepZone: Picking up the baton: Prep track star Darby Thomas carrying on after deaths of teammate, dad https://t.co/E2TDnslggE https:‚Ä¶",Sun Apr 23 06:15:53 +0000 2017
star,astroamellus,"my star wars opinions are:
1) the dark side sucks
2) the jedi ALSO suck and are not necessary to bring balance to the force
3) ahsoka lived",Sun Apr 23 06:15:52 +0000 2017
star,mel022591,"RT @maywardUn: MayWard under star creatives, Bagay na bagay. 
WeWantMAYWARD OnPrimetime",Sun Apr 23 06:15:52 +0000 2017
star,Lotusbar,"RT @7NewsSydney: Erin Moran, best known for her character Joanie Cunningham on 'Happy Days‚Äô has died at the age of 56. https://t.co/NUrNuJX‚Ä¶",Sun Apr 23 06:15:52 +0000 2017
star,Shaikhfaizan88S,RT @cr7federet: Australia is getting ruled by the biggest superstar &amp; Australian media have been star  struck by his stardom Dabangg SALMAN‚Ä¶,Sun Apr 23 06:15:51 +0000 2017
star,pixilaria_draw,RT @Crunchyroll: Have you met YouTube's newest virtual star?? https://t.co/36zQaAH5KW,Sun Apr 23 06:15:51 +0000 2017
star,naivebooklover,RT @bizekes: star wars continuing to take from woc without including any in their movies is very concerning https://t.co/KX3yNGybXO,Sun Apr 23 06:15:51 +0000 2017
star,alphamaxtracks,RT @KiwiLiveNews: NZ-born UFC star Robert Whittaker on the brink of history https://t.co/NaYXl8VitG (Sport) #newzealand #nznews,Sun Apr 23 06:15:46 +0000 2017
star,fabioarmani,RT @universetoday: First Detailed Image Of Accretion Disk Around A Young Star @storybywill https://t.co/MVPjHB7VKE https://t.co/7Mw2iourUY,Sun Apr 23 06:15:45 +0000 2017
star,ZtefaCantillo,RT @poedamnrn: A LITTLE GIRL DRESSED UP AS JYN ERSO GAVE THE DEATH STAR PLANS TO EVERY LEIA SHE'D SEE AT SWCO AND NOW I'M EMOTIONAL https:/‚Ä¶,Sun Apr 23 06:15:45 +0000 2017
star,lilmissmessyy,It's surreal to see them and superheroes and Star Wars in the same frame. I am a fan of all of these https://t.co/HM5V5K7SVO,Sun Apr 23 06:15:44 +0000 2017
star,badboy1746,RT @gameinformer: Check out the latest episode of Game Informer's video podcast to learn why we're not in love with Telltale's GotG. https:‚Ä¶,Sun Apr 23 06:15:42 +0000 2017
star,isaiahh_5,"RT @nucfootball: RT @isaiahh_5,WR,Ca nominated""NUC Elite Camps"".Nominate Urself Now--&gt; https://t.co/lPTeez16rx",Sun Apr 23 06:15:41 +0000 2017
star,asikojahono,"RT @TheStarKenya: We don‚Äôt need abusive leaders so reject Kuria, says Gatundu South MP hopeful https://t.co/GCEe3xAGWL https://t.co/2UnBLNo‚Ä¶",Sun Apr 23 06:15:41 +0000 2017
star,cbushhytb,RT @Complex: 'Friday' star John Witherspoon says Ice Cube is working on the fourth sequel. https://t.co/MOVuybwFZR https://t.co/ZRNEACbrhX,Sun Apr 23 06:15:40 +0000 2017
star,JeremyWheeler,RT @blast_points: Flashback to one week ago and the mega fun #501stbash  -  dancing and awesome vintage Star Wars arcade games. #swco https‚Ä¶,Sun Apr 23 06:15:39 +0000 2017
star,TalesOfColor,"THE REAL STAR OF THE SHOW IS HERE
#WTTFigure 
#WTT2017 
#go-chan
#gala https://t.co/bdIbOCbgL6",Sun Apr 23 06:15:37 +0000 2017
star,OnoBello,‚ÄúGetting Older Doesn‚Äôt Bother Me‚Äù- Victoria Beckham is Elle UK‚Äôs May Cover Star - https://t.co/w4w6giufIM https://t.co/JW8jStKbtm,Sun Apr 23 06:15:37 +0000 2017
star,gopikri07952411,RT @kamaalrkhan: Sir @Mohanlal sorry to call you #ChotaBheem Coz I didn't know much about you. But now I know that you are a super star of‚Ä¶,Sun Apr 23 06:15:36 +0000 2017
star,Rebel_Cassian,.@RebelJynAndor +K-2SO were the only survivors of the self claimed Rogue One team that were able to steal the plans‚Ä¶ https://t.co/bdlAfOkYcy,Sun Apr 23 06:15:36 +0000 2017
star,OTS_magazine,"The Tea Party w/ Sydney Youth Orchestra ‚Äì The Star Even Centre, Sydney ‚Äì April 21, 2017 https://t.co/pGYQxnmyg1",Sun Apr 23 06:15:35 +0000 2017
star,OTS_magazine,"The Tea Party w/ Sydney Youth Orchestra ‚Äì The Star Even Centre, Sydney ‚Äì April 21, 2017 https://t.co/KLknGmVreM",Sun Apr 23 06:15:34 +0000 2017
star,DeOD4aZtW2UiiWt,#lex steel porn star new naked girls https://t.co/FLdvXMv0nc,Sun Apr 23 06:15:34 +0000 2017
star,Phroosh77,"RT @tolkienianjedi: little jyn erso hands every leia a copy of the death star plans 
carrie fisher would love this https://t.co/lF6NTs0Wtr",Sun Apr 23 06:15:34 +0000 2017
star,MchXX_,"RT @chijyu_salan: 170422 
EXO LOTTE DUTY FREE IN STAR AVENUE
Í∑ÄÏóΩÎÑ§üòò
#Î∞±ÌòÑ #Baekhyun #ÏÑ∏Ìõà #Sehun 
https://t.co/iI8ExYoGEm https://t.co/5EHInqPBCC",Sun Apr 23 06:15:33 +0000 2017
star,ImMici,"RT @TrekMovie: Earth‚Äôs Best Star Trek Signs From The March For Science, &amp; @RobertPicardo #ScienceMarch #marchforscience #StarTrek https://t‚Ä¶",Sun Apr 23 06:15:33 +0000 2017
star,461LightFire,RT @milky412sehun: [TRANS] 170422 EXO Lotte Duty Free Star Avenue Fanmeeting JONGIN QnA https://t.co/eiD1rG09lk,Sun Apr 23 06:15:32 +0000 2017
star,Rohansi83476596,"RT @OhNoAbhi: Its already a blockbuster Tour. Seeing the pics u cant say if its in India or Abroad.. Most loved star.
DaBangg SALMAN In Mel‚Ä¶",Sun Apr 23 06:15:32 +0000 2017
star,44XM4GIC,"@eljaykbg1991 Cause they're not allowing him to be the star and play to his full potential, Steph is in the way.",Sun Apr 23 06:15:32 +0000 2017
star,UKALAS1,"BOY 2much a super star ikwerrian, drops two potential hits that is guaranteed to be a national anthem in the... https://t.co/9aMGlyG5CJ",Sun Apr 23 06:15:31 +0000 2017
star,Tenacityy,"RT @Variety: ""Happy Days"" star Erin Moran dead at 56 https://t.co/SY2QdDkBGR https://t.co/hLrsj235rk",Sun Apr 23 06:15:31 +0000 2017
star,knuckztve,RT @Crunchyroll: Have you met YouTube's newest virtual star?? https://t.co/36zQaAH5KW,Sun Apr 23 06:15:31 +0000 2017
star,4evapoison,RT @ideas4thefuture: Morning Star :: Corbyn‚Äôs call to overturn a rigged system | The People‚Äôs Daily https://t.co/DhnxLCzukn,Sun Apr 23 06:15:31 +0000 2017
star,NinjaDan436,RT @Crunchyroll: Have you met YouTube's newest virtual star?? https://t.co/36zQaAH5KW,Sun Apr 23 06:15:31 +0000 2017
star,caring_clayton,"RT @bruhitszach: I miss when it was a star when you favorite, not a heart üòë",Sun Apr 23 06:15:30 +0000 2017
star,lafocapeloda,I liked a @YouTube video https://t.co/ennycQp62w Everything GREAT About Star Wars: Episode III - Revenge of The Sith!,Sun Apr 23 06:15:29 +0000 2017
star,tuxgplover,RT @FTwinks: Theo Ford pounds Justin Cruz a cute Russian Star in the USA https://t.co/XbscEnAqXv https://t.co/VDyW15zXxF,Sun Apr 23 06:15:29 +0000 2017
star,apiadomaryanne,"RT @tuapsma: One of the star of this night, Vice Ganda! @vicegandako #PSMA2017 https://t.co/ggvLgZs5Of",Sun Apr 23 06:15:28 +0000 2017
star,FootyNewsScout,Man City star David Silva discusses future at the club ‚Äì fans will be happy to hear¬†this https://t.co/TaPmYHKBp4 https://t.co/7IUcpH8lHh,Sun Apr 23 06:15:28 +0000 2017
star,agileruff,Ecandy Constellation Night Light Projector Lamp 360 Degree Rotating 3 Mode Romantic Cosmos Star Sky.. https://t.co/i5W15niBhg,Sun Apr 23 06:15:27 +0000 2017
star,mhenskiee,"RT @MalePopster: Loisa Andalio's beauty can compete with today's famous female teen star beauties. @iamAndalioLoisa  ‚ù§

#DafBama2017_SarahG‚Ä¶",Sun Apr 23 06:15:26 +0000 2017
star,iDisneyaddicted,RT @EW: #ThisIsUs star Chris Sullivan on his unrecognizable #GuardiansoftheGalaxy2 role: https://t.co/tFLhK2dAJw https://t.co/iNo7RxL49m,Sun Apr 23 06:15:26 +0000 2017
star,cutelarriehxran,"RT @dafloydsta: [date]

HER: I absolutely love Star Wars

ME: Oh me too

HER: What's your favorite part?

ME: *nervously* Uh, when the star‚Ä¶",Sun Apr 23 06:15:26 +0000 2017
star,ShirAliMardoon,RT @ProwlerAwards: Up for Best International Porn Star @PaulDelayX Cast your vote now: https://t.co/1YaSRPvGwr #ProwlerPornAwards https://t‚Ä¶,Sun Apr 23 06:15:26 +0000 2017
star,king_austin27,My dog has star-quality #Looks! Tweet what makes your üê∂ a ‚≠êÔ∏è &amp; @purina will donate $1 to @Leader_Dog. #BHdogshow https://t.co/nr1wkONJaw,Sun Apr 23 06:15:26 +0000 2017
star,openn_world,"#NEWS #Armenian Erin Moran, Joanie from ""Happy Days,"" dead at age 56 - CBS News: CBS News Erin Moran, Joanie from‚Ä¶ https://t.co/dim7f4vTp9",Sun Apr 23 06:15:24 +0000 2017
star,_martsi,Yes bitch you're listinign to highway star! https://t.co/TwpH7yPtId,Sun Apr 23 06:15:21 +0000 2017
star,Maheshianx,RT @cinemawaali: @ParichayMehta @urstrulyMahesh I'd agree! Even the posters are enough to prove the scale of the film. Also @urstrulyMahesh‚Ä¶,Sun Apr 23 06:15:21 +0000 2017
star,Corriefied,RT @BongGamesNews: Bethany Platt's naked pics sent to Coronation Street sex ring: 'My turn next' - Daily Star https://t.co/qrXPb8zijO,Sun Apr 23 06:15:19 +0000 2017
star,Corriefied,RT @BongGamesNews: Bethany Platt's naked pics sent to Coronation Street sex ring: 'My turn next' - Daily Star https://t.co/qrXPb8zijO,Sun Apr 23 06:15:19 +0000 2017
star,iMTalhaPak,RT @mirzaiqbal80: Pak Star batsman Younus Khan has said that his retirement decision is final &amp; all the rumours to continue playing Test cr‚Ä¶,Sun Apr 23 06:15:19 +0000 2017
star,redhotcrew2004,"RT @THR: Erin Moran, Joanie on 'Happy Days', dies at 56 (report) https://t.co/RBhThWwbI5 https://t.co/rZqtIxOsZh",Sun Apr 23 06:15:19 +0000 2017
star,ppritam009,"RT @OhNoAbhi: Its already a blockbuster Tour. Seeing the pics u cant say if its in India or Abroad.. Most loved star.
DaBangg SALMAN In Mel‚Ä¶",Sun Apr 23 06:15:18 +0000 2017
star,Candycane1089,@Kate_Mystery101 @Star_Anjelyn That's super,Sun Apr 23 06:15:18 +0000 2017
star,AlexisSoniat,"RT @_DJDskretion: PARTY LIKE A ROCK PARTY LIKE A ROCK STAR 
YEAHHHHHH 
T T T TOTALLY DUDE   

Me: https://t.co/j9I2pzpStx",Sun Apr 23 06:15:17 +0000 2017
star,hime_star_,RT @vixxtype: The importance of good hair and styling https://t.co/tJSASKVFJe,Sun Apr 23 06:15:17 +0000 2017
star,LindaLeeKing,RT @andyblewis: If U were an '80s kid  it wasn't just Chachi that loved Joannie-Everyone did.Her life after never seemed 2 work out. https:‚Ä¶,Sun Apr 23 06:15:17 +0000 2017
star,aliandchuck,list of japanese porn star https://t.co/o2iLKsXUNm,Sun Apr 23 06:15:16 +0000 2017
star,TheAntiqueAttic,"#antique #yardsale Small Antique Vtg Square Blue Star Fringed Turkish Oriental Rug Mat, 14"" x‚Ä¶ https://t.co/2r1v316gVV #antiques #decoration",Sun Apr 23 06:15:15 +0000 2017
star,AirForceFans1,Air Force names B-52 hangar after local man - The Steubenville Herald-Star https://t.co/upsaSkGjGM,Sun Apr 23 06:15:15 +0000 2017
star,Arts_Ally,"#Music #Musicians #Musician: 'How to raise a #rock star, by Dave Grohl's mum': ""From Nirvana to Foo Fighters,... https://t.co/bwD4FOwmS5",Sun Apr 23 06:15:15 +0000 2017
star,ShamZayaFan,RT @BizAsia: Star Plus planning a string of primetime changes in May to coincide with launch of #LoveKaHaiIntezaar : https://t.co/wKYPb7CBKQ,Sun Apr 23 06:15:15 +0000 2017
star,_SimamkeleN,RT @MatuduMatji: #KasiTaughtMe that the dirtier the 'All Star' üëû the more stylish you become.,Sun Apr 23 06:15:15 +0000 2017
star,meckronos,@LordRizal @SenseiOKI @Fl4ky @Hanis086 So Mario is Star arcana? Lol,Sun Apr 23 06:15:15 +0000 2017
star,LauschJack,RT @Variety: #HappyDays' Henry Winkler and Ron Howard pay tribute to Erin Moran https://t.co/SY2QdDkBGR https://t.co/PfkcSwBMUN,Sun Apr 23 06:15:14 +0000 2017
star,rubab_miswar,Man City star David Silva discusses future at the club - fans will be happy to hear this https://t.co/0tLsuruXim,Sun Apr 23 06:15:14 +0000 2017
star,BongGamesNews,Bethany Platt's naked pics sent to Coronation Street sex ring: 'My turn next' - Daily Star https://t.co/qrXPb8zijO https://t.co/4OVHt0058r,Sun Apr 23 06:15:14 +0000 2017
star,g8LtPtxq3VRWBZK,#alyssa star porn real women nudes https://t.co/xBMxKRVVO5,Sun Apr 23 06:15:14 +0000 2017
star,MU_FollowBack,Man United Rising Star Takes a Dig at Arsenal After 3-0 Defeat &gt;&gt; https://t.co/WZr9kL1wa8 https://t.co/S8evpw2GCf,Sun Apr 23 06:15:14 +0000 2017
star,vallha11a,RT @poedamnrn: A LITTLE GIRL DRESSED UP AS JYN ERSO GAVE THE DEATH STAR PLANS TO EVERY LEIA SHE'D SEE AT SWCO AND NOW I'M EMOTIONAL https:/‚Ä¶,Sun Apr 23 06:15:14 +0000 2017
star,Bow_Weaver,To Choose the Path - Merfilly - Star Wars - All Media Types [Archive of Our Own] - Chapters: 1/1 Fandom:... https://t.co/yOLB4SsBlG,Sun Apr 23 06:15:12 +0000 2017
star,Jhun24088606,@arvienasayao01 @mainedcm @aldenrichards02 It's about time that TAPE should work with Star Cinema for Aldub movie instead of GMA7.,Sun Apr 23 06:15:12 +0000 2017
star,FootyNewsScout,Chelsea swamped with offers for star¬†striker https://t.co/sVwvfk3O8j https://t.co/71cI6itFDE,Sun Apr 23 06:15:11 +0000 2017
star,xiaoruu,RT @thedreamer_yt: [ENG] 170421 Fighter Of The Destiny - Sina Star Fun Interview with Luhan https://t.co/mhP45EUNFG https://t.co/i7OE1AtXUX,Sun Apr 23 06:15:10 +0000 2017
star,front_reddit,"Erin Moran, ‚ÄòHappy Days‚Äô and ‚ÄòJoanie Loves Chachi‚Äô Star, Dead at 56 [https://t.co/WgJX5e7vC7] https://t.co/431qnw5U7z",Sun Apr 23 06:15:10 +0000 2017
star,n_atalieeee,RT @biticonjustine: the real star is here https://t.co/Tq9gmOV2vv,Sun Apr 23 06:15:10 +0000 2017
star,tushki502,"RT @sophistamarjeet: Adult Film Star Kendra Lust Is The Ultimate MILF!.!.

https://t.co/zSUXZ9ndDP",Sun Apr 23 06:15:09 +0000 2017
star,snehaagrawal173,"RT @sophistamarjeet: Adult Film Star Kendra Lust Is The Ultimate MILF!.!.

https://t.co/zSUXZ9ndDP",Sun Apr 23 06:15:09 +0000 2017
star,vikashkumar812,"RT @sophistamarjeet: Adult Film Star Kendra Lust Is The Ultimate MILF!.!.

https://t.co/zSUXZ9ndDP",Sun Apr 23 06:15:09 +0000 2017
star,ram40769,"RT @sophistamarjeet: Adult Film Star Kendra Lust Is The Ultimate MILF!.!.

https://t.co/zSUXZ9ndDP",Sun Apr 23 06:15:09 +0000 2017
star,motivate_x,"RT @sophistamarjeet: Adult Film Star Kendra Lust Is The Ultimate MILF!.!.

https://t.co/zSUXZ9ndDP",Sun Apr 23 06:15:09 +0000 2017
star,shashik10083591,"RT @sophistamarjeet: Adult Film Star Kendra Lust Is The Ultimate MILF!.!.

https://t.co/zSUXZ9ndDP",Sun Apr 23 06:15:09 +0000 2017
star,shashiparjapat1,"RT @sophistamarjeet: Adult Film Star Kendra Lust Is The Ultimate MILF!.!.

https://t.co/zSUXZ9ndDP",Sun Apr 23 06:15:09 +0000 2017
star,shownight2,"RT @sophistamarjeet: Adult Film Star Kendra Lust Is The Ultimate MILF!.!.

https://t.co/zSUXZ9ndDP",Sun Apr 23 06:15:09 +0000 2017
star,snehaagrawal172,"RT @sophistamarjeet: Adult Film Star Kendra Lust Is The Ultimate MILF!.!.

https://t.co/zSUXZ9ndDP",Sun Apr 23 06:15:09 +0000 2017
star,snehaagrawal174,"RT @sophistamarjeet: Adult Film Star Kendra Lust Is The Ultimate MILF!.!.

https://t.co/zSUXZ9ndDP",Sun Apr 23 06:15:09 +0000 2017
star,space_of_news,"RT @sophistamarjeet: Adult Film Star Kendra Lust Is The Ultimate MILF!.!.

https://t.co/zSUXZ9ndDP",Sun Apr 23 06:15:09 +0000 2017
star,lovwords_,"RT @sophistamarjeet: Adult Film Star Kendra Lust Is The Ultimate MILF!.!.

https://t.co/zSUXZ9ndDP",Sun Apr 23 06:15:09 +0000 2017
star,SeceretSex,"RT @sophistamarjeet: Adult Film Star Kendra Lust Is The Ultimate MILF!.!.

https://t.co/zSUXZ9ndDP",Sun Apr 23 06:15:09 +0000 2017
star,Sex_factz2,"RT @sophistamarjeet: Adult Film Star Kendra Lust Is The Ultimate MILF!.!.

https://t.co/zSUXZ9ndDP",Sun Apr 23 06:15:09 +0000 2017
star,seftyLovers,"RT @sophistamarjeet: Adult Film Star Kendra Lust Is The Ultimate MILF!.!.

https://t.co/zSUXZ9ndDP",Sun Apr 23 06:15:09 +0000 2017
star,ranitara49,"RT @sophistamarjeet: Adult Film Star Kendra Lust Is The Ultimate MILF!.!.

https://t.co/zSUXZ9ndDP",Sun Apr 23 06:15:09 +0000 2017
star,mindmaker105,"RT @sophistamarjeet: Adult Film Star Kendra Lust Is The Ultimate MILF!.!.

https://t.co/zSUXZ9ndDP",Sun Apr 23 06:15:09 +0000 2017
star,love_emotional2,"RT @sophistamarjeet: Adult Film Star Kendra Lust Is The Ultimate MILF!.!.

https://t.co/zSUXZ9ndDP",Sun Apr 23 06:15:09 +0000 2017
star,present_news1,"RT @sophistamarjeet: Adult Film Star Kendra Lust Is The Ultimate MILF!.!.

https://t.co/zSUXZ9ndDP",Sun Apr 23 06:15:09 +0000 2017
star,LoveLove98tips,"RT @sophistamarjeet: Adult Film Star Kendra Lust Is The Ultimate MILF!.!.

https://t.co/zSUXZ9ndDP",Sun Apr 23 06:15:09 +0000 2017
star,parjapatiboy131,"RT @sophistamarjeet: Adult Film Star Kendra Lust Is The Ultimate MILF!.!.

https://t.co/zSUXZ9ndDP",Sun Apr 23 06:15:09 +0000 2017
star,news_all2,"RT @sophistamarjeet: Adult Film Star Kendra Lust Is The Ultimate MILF!.!.

https://t.co/zSUXZ9ndDP",Sun Apr 23 06:15:09 +0000 2017
star,N_K_M_Kk,"RT @sophistamarjeet: Adult Film Star Kendra Lust Is The Ultimate MILF!.!.

https://t.co/zSUXZ9ndDP",Sun Apr 23 06:15:09 +0000 2017
star,mohan1138,"RT @sophistamarjeet: Adult Film Star Kendra Lust Is The Ultimate MILF!.!.

https://t.co/zSUXZ9ndDP",Sun Apr 23 06:15:09 +0000 2017
star,N_K_M_K_K,"RT @sophistamarjeet: Adult Film Star Kendra Lust Is The Ultimate MILF!.!.

https://t.co/zSUXZ9ndDP",Sun Apr 23 06:15:09 +0000 2017
star,lovemaker108,"RT @sophistamarjeet: Adult Film Star Kendra Lust Is The Ultimate MILF!.!.

https://t.co/zSUXZ9ndDP",Sun Apr 23 06:15:09 +0000 2017
star,mindmaker106,"RT @sophistamarjeet: Adult Film Star Kendra Lust Is The Ultimate MILF!.!.

https://t.co/zSUXZ9ndDP",Sun Apr 23 06:15:09 +0000 2017
star,mindmaker104,"RT @sophistamarjeet: Adult Film Star Kendra Lust Is The Ultimate MILF!.!.

https://t.co/zSUXZ9ndDP",Sun Apr 23 06:15:09 +0000 2017
star,lovemaker107,"RT @sophistamarjeet: Adult Film Star Kendra Lust Is The Ultimate MILF!.!.

https://t.co/zSUXZ9ndDP",Sun Apr 23 06:15:09 +0000 2017
star,lovemaker109,"RT @sophistamarjeet: Adult Film Star Kendra Lust Is The Ultimate MILF!.!.

https://t.co/zSUXZ9ndDP",Sun Apr 23 06:15:09 +0000 2017
star,kajal407771,"RT @sophistamarjeet: Adult Film Star Kendra Lust Is The Ultimate MILF!.!.

https://t.co/zSUXZ9ndDP",Sun Apr 23 06:15:09 +0000 2017
star,life_way2,"RT @sophistamarjeet: Adult Film Star Kendra Lust Is The Ultimate MILF!.!.

https://t.co/zSUXZ9ndDP",Sun Apr 23 06:15:09 +0000 2017
star,funworld88,"RT @sophistamarjeet: Adult Film Star Kendra Lust Is The Ultimate MILF!.!.

https://t.co/zSUXZ9ndDP",Sun Apr 23 06:15:09 +0000 2017
